timestamp,log_level,message
2026-05-27 12:01:40.414309,INFO,[MAINFRAME-A] Cache cleared.
2026-05-27 12:30:45.414309,ERROR,[LEGACY-SRV-01] Failed to connect to mainframe.
2026-05-27 12:54:31.414309,INFO,[MAINFRAME-A] User login authenticated.
2026-05-27 13:05:03.414309,INFO,[LEGACY-SRV-02] Cache cleared.
2026-05-27 13:12:03.414309,INFO,[LEGACY-SRV-01] Batch job completed successfully.
2026-05-27 13:15:36.414309,INFO,[DB-CLUSTER-03] Batch job completed successfully.
2026-05-27 13:39:21.414309,WARNING,[MAINFRAME-A] High memory threshold approaching.
2026-05-27 13:48:22.414309,INFO,[LEGACY-SRV-01] Routine backup finished.
2026-05-27 14:12:17.414309,INFO,[LEGACY-SRV-02] Routine backup finished.
2026-05-27 15:04:47.414309,INFO,[LEGACY-SRV-01] Batch job completed successfully.
2026-05-27 15:19:20.414309,CRITICAL,[LEGACY-SRV-02] Database cluster failover initiated.
2026-05-27 15:22:34.414309,INFO,[MAINFRAME-A] Cache cleared.
2026-05-27 15:24:03.414309,INFO,[LEGACY-SRV-02] Routine backup finished.
2026-05-27 15:34:12.414309,CRITICAL,[DB-CLUSTER-03] Security breach attempt blocked.
2026-05-27 15:37:49.414309,INFO,[DB-CLUSTER-03] Cache cleared.
2026-05-27 15:52:38.414309,INFO,[DB-CLUSTER-03] Routine backup finished.
2026-05-27 16:20:54.414309,INFO,[MAINFRAME-A] User login authenticated.
2026-05-27 16:35:10.414309,ERROR,[MAINFRAME-A] File lock contention detected.
2026-05-27 17:30:28.414309,WARNING,[MAINFRAME-A] Connection pool nearing limit.
2026-05-27 17:33:22.414309,ERROR,[LEGACY-SRV-01] Transaction rollback triggered.
2026-05-27 18:15:55.414309,ERROR,[LEGACY-SRV-01] Transaction rollback triggered.
2026-05-27 18:41:45.414309,WARNING,[DB-CLUSTER-03] Disk space below 20%.
2026-05-27 19:25:15.414309,CRITICAL,[LEGACY-SRV-01] Core dump generated.
2026-05-27 20:05:42.414309,CRITICAL,[DB-CLUSTER-03] Core dump generated.
2026-05-27 20:17:30.414309,INFO,[DB-CLUSTER-03] Routine backup finished.
2026-05-27 21:24:18.414309,ERROR,[DB-CLUSTER-03] Failed to connect to mainframe.
2026-05-27 21:54:48.414309,INFO,[LEGACY-SRV-01] User login authenticated.
2026-05-27 22:04:57.414309,ERROR,[LEGACY-SRV-01] API timeout after 30s.
2026-05-27 22:07:33.414309,INFO,[DB-CLUSTER-03] Routine backup finished.
2026-05-27 22:12:58.414309,INFO,[MAINFRAME-A] Batch job completed successfully.
2026-05-27 22:19:37.414309,INFO,[DB-CLUSTER-03] Batch job completed successfully.
2026-05-27 22:53:32.414309,INFO,[DB-CLUSTER-03] User login authenticated.
2026-05-27 23:26:41.414309,INFO,[LEGACY-SRV-01] Batch job completed successfully.
2026-05-28 00:13:16.414309,INFO,[LEGACY-SRV-01] User login authenticated.
2026-05-28 00:58:48.414309,INFO,[LEGACY-SRV-01] Routine backup finished.
2026-05-28 01:33:32.414309,INFO,[LEGACY-SRV-02] User login authenticated.
2026-05-28 02:13:07.414309,INFO,[LEGACY-SRV-01] Routine backup finished.
2026-05-28 03:46:21.414309,CRITICAL,[DB-CLUSTER-03] Core dump generated.
2026-05-28 03:51:25.414309,INFO,[LEGACY-SRV-02] Batch job completed successfully.
2026-05-28 04:22:00.414309,INFO,[MAINFRAME-A] User login authenticated.
2026-05-28 04:42:54.414309,INFO,[MAINFRAME-A] Routine backup finished.
2026-05-28 04:52:17.414309,INFO,[DB-CLUSTER-03] Routine backup finished.
2026-05-28 04:59:09.414309,INFO,[LEGACY-SRV-02] Routine backup finished.
2026-05-28 05:11:51.414309,INFO,[LEGACY-SRV-01] Cache cleared.
2026-05-28 05:19:52.414309,INFO,[DB-CLUSTER-03] User login authenticated.
2026-05-28 05:41:39.414309,INFO,[DB-CLUSTER-03] User login authenticated.
2026-05-28 05:55:34.414309,ERROR,[MAINFRAME-A] File lock contention detected.
2026-05-28 06:10:47.414309,INFO,[MAINFRAME-A] Routine backup finished.
2026-05-28 06:25:02.414309,ERROR,[MAINFRAME-A] Transaction rollback triggered.
2026-05-28 06:51:44.414309,INFO,[MAINFRAME-A] User login authenticated.
2026-05-28 07:34:39.414309,CRITICAL,[LEGACY-SRV-02] System unresponsive. Manual intervention required.
2026-05-28 08:11:42.414309,ERROR,[LEGACY-SRV-01] API timeout after 30s.
2026-05-28 08:55:23.414309,INFO,[MAINFRAME-A] Routine backup finished.
2026-05-28 09:05:09.414309,INFO,[DB-CLUSTER-03] Cache cleared.
2026-05-28 09:26:39.414309,INFO,[LEGACY-SRV-02] Cache cleared.
2026-05-28 09:38:10.414309,ERROR,[MAINFRAME-A] File lock contention detected.
2026-05-28 09:41:36.414309,WARNING,[DB-CLUSTER-03] Connection pool nearing limit.
2026-05-28 09:41:38.414309,WARNING,[LEGACY-SRV-01] Slow query detected in legacy DB.
2026-05-28 10:02:18.414309,ERROR,[MAINFRAME-A] Failed to connect to mainframe.
2026-05-28 11:10:37.414309,INFO,[LEGACY-SRV-02] Routine backup finished.
2026-05-28 12:21:06.414309,INFO,[MAINFRAME-A] Cache cleared.
2026-05-28 13:19:01.414309,ERROR,[MAINFRAME-A] API timeout after 30s.
2026-05-28 13:46:40.414309,INFO,[LEGACY-SRV-02] Batch job completed successfully.
2026-05-28 13:55:47.414309,INFO,[DB-CLUSTER-03] Routine backup finished.
2026-05-28 13:58:59.414309,INFO,[MAINFRAME-A] Cache cleared.
2026-05-28 14:04:40.414309,INFO,[LEGACY-SRV-01] Routine backup finished.
2026-05-28 14:11:17.414309,INFO,[LEGACY-SRV-02] User login authenticated.
2026-05-28 14:24:51.414309,INFO,[LEGACY-SRV-01] Cache cleared.
2026-05-28 14:38:00.414309,WARNING,[LEGACY-SRV-01] High memory threshold approaching.
2026-05-28 16:01:38.414309,WARNING,[MAINFRAME-A] Connection pool nearing limit.
2026-05-28 16:05:54.414309,INFO,[DB-CLUSTER-03] Batch job completed successfully.
2026-05-28 16:16:57.414309,INFO,[DB-CLUSTER-03] Batch job completed successfully.
2026-05-28 17:22:54.414309,INFO,[LEGACY-SRV-01] Batch job completed successfully.
2026-05-28 17:25:52.414309,INFO,[DB-CLUSTER-03] Batch job completed successfully.
2026-05-28 17:30:55.414309,INFO,[MAINFRAME-A] Batch job completed successfully.
2026-05-28 17:56:30.414309,INFO,[LEGACY-SRV-02] Routine backup finished.
2026-05-28 18:04:23.414309,INFO,[DB-CLUSTER-03] Cache cleared.
2026-05-28 18:19:47.414309,INFO,[MAINFRAME-A] Batch job completed successfully.
2026-05-28 18:53:56.414309,INFO,[LEGACY-SRV-01] Batch job completed successfully.
2026-05-28 18:57:14.414309,INFO,[LEGACY-SRV-02] Batch job completed successfully.
2026-05-28 19:09:11.414309,CRITICAL,[LEGACY-SRV-02] Database cluster failover initiated.
2026-05-28 19:13:45.414309,INFO,[LEGACY-SRV-01] Cache cleared.
2026-05-28 19:54:10.414309,INFO,[LEGACY-SRV-01] Routine backup finished.
2026-05-28 20:03:18.414309,INFO,[LEGACY-SRV-02] User login authenticated.
2026-05-28 20:29:56.414309,INFO,[LEGACY-SRV-01] Cache cleared.
2026-05-28 20:42:08.414309,INFO,[LEGACY-SRV-02] User login authenticated.
2026-05-28 21:00:05.414309,INFO,[LEGACY-SRV-02] Cache cleared.
2026-05-28 21:44:40.414309,CRITICAL,[DB-CLUSTER-03] Security breach attempt blocked.
2026-05-28 21:46:03.414309,INFO,[LEGACY-SRV-02] Batch job completed successfully.
2026-05-28 22:01:01.414309,WARNING,[LEGACY-SRV-01] Disk space below 20%.
2026-05-28 22:09:49.414309,INFO,[LEGACY-SRV-01] Cache cleared.
2026-05-28 22:19:22.414309,INFO,[LEGACY-SRV-02] Batch job completed successfully.
2026-05-28 22:40:14.414309,INFO,[DB-CLUSTER-03] Batch job completed successfully.
2026-05-28 22:49:11.414309,INFO,[MAINFRAME-A] Routine backup finished.
2026-05-28 22:49:28.414309,ERROR,[MAINFRAME-A] Failed to connect to mainframe.
2026-05-28 22:53:38.414309,WARNING,[MAINFRAME-A] High memory threshold approaching.
2026-05-28 23:23:24.414309,ERROR,[LEGACY-SRV-01] File lock contention detected.
2026-05-28 23:29:53.414309,ERROR,[MAINFRAME-A] Failed to connect to mainframe.
2026-05-29 00:37:45.414309,ERROR,[LEGACY-SRV-01] API timeout after 30s.
2026-05-29 00:44:29.414309,WARNING,[LEGACY-SRV-01] Connection pool nearing limit.
2026-05-29 01:05:21.414309,CRITICAL,[MAINFRAME-A] System unresponsive. Manual intervention required.
2026-05-29 02:49:46.414309,INFO,[LEGACY-SRV-02] Cache cleared.
2026-05-29 02:52:45.414309,INFO,[LEGACY-SRV-02] Routine backup finished.
2026-05-29 03:01:55.414309,INFO,[MAINFRAME-A] Routine backup finished.
2026-05-29 03:48:54.414309,CRITICAL,[MAINFRAME-A] Core dump generated.
2026-05-29 04:04:07.414309,INFO,[DB-CLUSTER-03] User login authenticated.
2026-05-29 04:16:40.414309,ERROR,[LEGACY-SRV-01] Failed to connect to mainframe.
2026-05-29 04:19:45.414309,INFO,[DB-CLUSTER-03] Routine backup finished.
2026-05-29 04:40:44.414309,CRITICAL,[MAINFRAME-A] Database cluster failover initiated.
2026-05-29 05:24:54.414309,WARNING,[LEGACY-SRV-01] Slow query detected in legacy DB.
2026-05-29 05:25:29.414309,INFO,[LEGACY-SRV-01] Cache cleared.
2026-05-29 05:41:10.414309,INFO,[MAINFRAME-A] Cache cleared.
2026-05-29 06:12:30.414309,ERROR,[MAINFRAME-A] Failed to connect to mainframe.
2026-05-29 06:25:21.414309,INFO,[LEGACY-SRV-02] Cache cleared.
2026-05-29 06:43:11.414309,INFO,[LEGACY-SRV-01] Routine backup finished.
2026-05-29 06:58:40.414309,CRITICAL,[DB-CLUSTER-03] System unresponsive. Manual intervention required.
2026-05-29 07:24:53.414309,INFO,[LEGACY-SRV-01] Routine backup finished.
2026-05-29 07:44:31.414309,WARNING,[LEGACY-SRV-01] Slow query detected in legacy DB.
2026-05-29 07:52:06.414309,INFO,[DB-CLUSTER-03] Cache cleared.
2026-05-29 08:00:31.414309,INFO,[LEGACY-SRV-01] Routine backup finished.
2026-05-29 08:15:46.414309,INFO,[DB-CLUSTER-03] Batch job completed successfully.
2026-05-29 08:29:31.414309,WARNING,[DB-CLUSTER-03] Disk space below 20%.
2026-05-29 09:24:04.414309,ERROR,[LEGACY-SRV-02] Failed to connect to mainframe.
2026-05-29 10:05:42.414309,CRITICAL,[LEGACY-SRV-01] Security breach attempt blocked.
2026-05-29 10:11:53.414309,INFO,[LEGACY-SRV-01] Batch job completed successfully.
2026-05-29 10:47:43.414309,INFO,[MAINFRAME-A] Routine backup finished.
2026-05-29 11:01:06.414309,WARNING,[MAINFRAME-A] Connection pool nearing limit.
2026-05-29 11:01:36.414309,INFO,[DB-CLUSTER-03] User login authenticated.
2026-05-29 11:07:19.414309,WARNING,[DB-CLUSTER-03] Disk space below 20%.
2026-05-29 11:40:00.414309,WARNING,[LEGACY-SRV-01] Disk space below 20%.
2026-05-29 11:51:06.414309,INFO,[LEGACY-SRV-02] Batch job completed successfully.
2026-05-29 11:56:33.414309,ERROR,[LEGACY-SRV-01] API timeout after 30s.
2026-05-29 12:02:16.414309,INFO,[DB-CLUSTER-03] User login authenticated.
2026-05-29 12:08:41.414309,ERROR,[LEGACY-SRV-01] File lock contention detected.
2026-05-29 12:32:08.414309,CRITICAL,[LEGACY-SRV-01] System unresponsive. Manual intervention required.
2026-05-29 13:05:29.414309,ERROR,[DB-CLUSTER-03] API timeout after 30s.
2026-05-29 13:07:47.414309,INFO,[DB-CLUSTER-03] User login authenticated.
2026-05-29 13:18:17.414309,WARNING,[MAINFRAME-A] Slow query detected in legacy DB.
2026-05-29 14:21:56.414309,INFO,[LEGACY-SRV-02] Routine backup finished.
2026-05-29 14:22:25.414309,INFO,[LEGACY-SRV-01] User login authenticated.
2026-05-29 14:45:23.414309,INFO,[MAINFRAME-A] Batch job completed successfully.
2026-05-29 14:56:56.414309,ERROR,[LEGACY-SRV-02] Transaction rollback triggered.
2026-05-29 15:25:57.414309,INFO,[LEGACY-SRV-01] User login authenticated.
2026-05-29 15:31:21.414309,ERROR,[LEGACY-SRV-02] Transaction rollback triggered.
2026-05-29 15:39:41.414309,INFO,[LEGACY-SRV-01] Batch job completed successfully.
2026-05-29 15:52:16.414309,INFO,[DB-CLUSTER-03] User login authenticated.
2026-05-29 16:39:45.414309,INFO,[LEGACY-SRV-02] User login authenticated.
2026-05-29 16:50:27.414309,INFO,[DB-CLUSTER-03] Cache cleared.
2026-05-29 17:02:00.414309,INFO,[LEGACY-SRV-01] User login authenticated.
2026-05-29 17:09:59.414309,INFO,[LEGACY-SRV-01] User login authenticated.
2026-05-29 17:15:27.414309,ERROR,[LEGACY-SRV-02] API timeout after 30s.
2026-05-29 18:42:56.414309,INFO,[LEGACY-SRV-01] Routine backup finished.
2026-05-29 18:43:04.414309,WARNING,[LEGACY-SRV-01] High memory threshold approaching.
2026-05-29 18:47:36.414309,CRITICAL,[DB-CLUSTER-03] Database cluster failover initiated.
2026-05-29 19:14:25.414309,INFO,[DB-CLUSTER-03] Routine backup finished.
2026-05-29 19:16:58.414309,INFO,[MAINFRAME-A] User login authenticated.
2026-05-29 19:25:19.414309,INFO,[MAINFRAME-A] Routine backup finished.
2026-05-29 19:46:45.414309,CRITICAL,[MAINFRAME-A] Core dump generated.
2026-05-29 20:23:47.414309,INFO,[MAINFRAME-A] Cache cleared.
2026-05-29 20:24:51.414309,WARNING,[LEGACY-SRV-01] Slow query detected in legacy DB.
2026-05-29 20:30:56.414309,INFO,[DB-CLUSTER-03] Cache cleared.
2026-05-29 21:15:19.414309,ERROR,[LEGACY-SRV-02] Transaction rollback triggered.
2026-05-29 21:26:15.414309,INFO,[DB-CLUSTER-03] Batch job completed successfully.
2026-05-29 21:54:54.414309,INFO,[LEGACY-SRV-01] User login authenticated.
2026-05-29 22:46:46.414309,ERROR,[MAINFRAME-A] Transaction rollback triggered.
2026-05-29 22:52:10.414309,INFO,[MAINFRAME-A] Routine backup finished.
2026-05-29 23:00:56.414309,ERROR,[DB-CLUSTER-03] Transaction rollback triggered.
2026-05-29 23:18:35.414309,WARNING,[LEGACY-SRV-02] Connection pool nearing limit.
2026-05-29 23:34:03.414309,WARNING,[DB-CLUSTER-03] Slow query detected in legacy DB.
2026-05-29 23:51:33.414309,INFO,[LEGACY-SRV-02] Batch job completed successfully.
2026-05-30 00:03:32.414309,INFO,[LEGACY-SRV-02] Batch job completed successfully.
2026-05-30 00:04:32.414309,ERROR,[DB-CLUSTER-03] File lock contention detected.
2026-05-30 00:25:30.414309,INFO,[LEGACY-SRV-01] Routine backup finished.
2026-05-30 00:46:53.414309,ERROR,[LEGACY-SRV-02] File lock contention detected.
2026-05-30 01:23:01.414309,INFO,[LEGACY-SRV-01] Batch job completed successfully.
2026-05-30 01:29:44.414309,INFO,[DB-CLUSTER-03] User login authenticated.
2026-05-30 01:53:19.414309,INFO,[LEGACY-SRV-02] User login authenticated.
2026-05-30 01:53:56.414309,ERROR,[LEGACY-SRV-01] File lock contention detected.
2026-05-30 03:14:06.414309,INFO,[LEGACY-SRV-02] Routine backup finished.
2026-05-30 03:41:27.414309,ERROR,[LEGACY-SRV-01] Transaction rollback triggered.
2026-05-30 03:46:03.414309,WARNING,[LEGACY-SRV-01] Disk space below 20%.
2026-05-30 03:47:57.414309,INFO,[LEGACY-SRV-02] User login authenticated.
2026-05-30 03:53:58.414309,INFO,[LEGACY-SRV-01] Batch job completed successfully.
2026-05-30 05:09:05.414309,ERROR,[DB-CLUSTER-03] Failed to connect to mainframe.
2026-05-30 05:31:40.414309,INFO,[LEGACY-SRV-01] Batch job completed successfully.
2026-05-30 05:39:11.414309,ERROR,[LEGACY-SRV-01] Failed to connect to mainframe.
2026-05-30 05:49:42.414309,ERROR,[LEGACY-SRV-01] Transaction rollback triggered.
2026-05-30 05:54:16.414309,INFO,[MAINFRAME-A] User login authenticated.
2026-05-30 06:26:15.414309,ERROR,[LEGACY-SRV-01] Transaction rollback triggered.
2026-05-30 06:39:13.414309,INFO,[MAINFRAME-A] Cache cleared.
2026-05-30 07:01:02.414309,INFO,[DB-CLUSTER-03] Routine backup finished.
2026-05-30 07:39:03.414309,INFO,[MAINFRAME-A] User login authenticated.
2026-05-30 08:30:10.414309,INFO,[MAINFRAME-A] Cache cleared.
2026-05-30 08:30:52.414309,INFO,[LEGACY-SRV-01] Routine backup finished.
2026-05-30 08:32:43.414309,INFO,[LEGACY-SRV-02] User login authenticated.
2026-05-30 09:22:36.414309,INFO,[LEGACY-SRV-02] Routine backup finished.
2026-05-30 09:28:50.414309,ERROR,[MAINFRAME-A] Failed to connect to mainframe.
2026-05-30 09:28:53.414309,INFO,[LEGACY-SRV-02] User login authenticated.
2026-05-30 09:55:13.414309,CRITICAL,[DB-CLUSTER-03] System unresponsive. Manual intervention required.
2026-05-30 10:01:22.414309,WARNING,[LEGACY-SRV-02] Connection pool nearing limit.
2026-05-30 10:26:14.414309,INFO,[MAINFRAME-A] Batch job completed successfully.
2026-05-30 10:30:55.414309,WARNING,[LEGACY-SRV-02] Connection pool nearing limit.
2026-05-30 10:43:57.414309,ERROR,[LEGACY-SRV-02] Transaction rollback triggered.
2026-05-30 10:44:25.414309,INFO,[LEGACY-SRV-02] Routine backup finished.
2026-05-30 11:43:49.414309,INFO,[LEGACY-SRV-01] Cache cleared.
2026-05-30 11:55:11.414309,CRITICAL,[LEGACY-SRV-01] Database cluster failover initiated.
2026-05-30 12:39:51.414309,ERROR,[MAINFRAME-A] Transaction rollback triggered.
2026-05-30 12:54:45.414309,WARNING,[MAINFRAME-A] High memory threshold approaching.
2026-05-30 13:25:18.414309,INFO,[LEGACY-SRV-01] User login authenticated.
2026-05-30 13:33:20.414309,INFO,[LEGACY-SRV-02] Routine backup finished.
2026-05-30 13:39:10.414309,INFO,[MAINFRAME-A] Routine backup finished.
2026-05-30 14:07:47.414309,INFO,[MAINFRAME-A] Cache cleared.
2026-05-30 14:15:29.414309,WARNING,[DB-CLUSTER-03] Slow query detected in legacy DB.
2026-05-30 14:15:52.414309,INFO,[MAINFRAME-A] Routine backup finished.
2026-05-30 14:59:09.414309,WARNING,[MAINFRAME-A] Connection pool nearing limit.
2026-05-30 15:03:28.414309,INFO,[DB-CLUSTER-03] User login authenticated.
2026-05-30 15:27:06.414309,INFO,[LEGACY-SRV-02] User login authenticated.
2026-05-30 15:55:16.414309,WARNING,[MAINFRAME-A] High memory threshold approaching.
2026-05-30 16:10:02.414309,WARNING,[DB-CLUSTER-03] High memory threshold approaching.
2026-05-30 16:16:36.414309,INFO,[DB-CLUSTER-03] Cache cleared.
2026-05-30 16:49:52.414309,ERROR,[LEGACY-SRV-02] Failed to connect to mainframe.
2026-05-30 16:59:28.414309,ERROR,[DB-CLUSTER-03] Transaction rollback triggered.
2026-05-30 17:33:19.414309,WARNING,[MAINFRAME-A] Connection pool nearing limit.
2026-05-30 17:46:05.414309,WARNING,[MAINFRAME-A] Slow query detected in legacy DB.
2026-05-30 18:26:01.414309,INFO,[LEGACY-SRV-01] Batch job completed successfully.
2026-05-30 18:35:23.414309,INFO,[LEGACY-SRV-02] Batch job completed successfully.
2026-05-30 19:05:16.414309,WARNING,[DB-CLUSTER-03] High memory threshold approaching.
2026-05-30 19:18:54.414309,INFO,[LEGACY-SRV-02] Routine backup finished.
2026-05-30 20:12:40.414309,ERROR,[LEGACY-SRV-01] API timeout after 30s.
2026-05-30 20:16:02.414309,WARNING,[MAINFRAME-A] Disk space below 20%.
2026-05-30 20:19:22.414309,INFO,[LEGACY-SRV-02] Cache cleared.
2026-05-30 20:20:09.414309,WARNING,[LEGACY-SRV-01] Connection pool nearing limit.
2026-05-30 20:54:41.414309,WARNING,[MAINFRAME-A] Disk space below 20%.
2026-05-30 21:08:34.414309,INFO,[LEGACY-SRV-02] Cache cleared.
2026-05-30 21:13:38.414309,INFO,[LEGACY-SRV-02] User login authenticated.
2026-05-30 21:49:34.414309,INFO,[LEGACY-SRV-01] Cache cleared.
2026-05-30 22:01:12.414309,CRITICAL,[MAINFRAME-A] System unresponsive. Manual intervention required.
2026-05-30 22:03:30.414309,INFO,[LEGACY-SRV-02] Routine backup finished.
2026-05-30 23:33:54.414309,ERROR,[LEGACY-SRV-01] Failed to connect to mainframe.
2026-05-30 23:38:12.414309,INFO,[LEGACY-SRV-01] Cache cleared.
2026-05-31 00:54:15.414309,INFO,[LEGACY-SRV-01] User login authenticated.
2026-05-31 01:06:28.414309,CRITICAL,[DB-CLUSTER-03] Database cluster failover initiated.
2026-05-31 01:49:40.414309,INFO,[LEGACY-SRV-01] Cache cleared.
2026-05-31 02:43:23.414309,ERROR,[DB-CLUSTER-03] Transaction rollback triggered.
2026-05-31 03:10:25.414309,INFO,[LEGACY-SRV-01] Batch job completed successfully.
2026-05-31 03:14:00.414309,ERROR,[DB-CLUSTER-03] Transaction rollback triggered.
2026-05-31 03:15:57.414309,INFO,[DB-CLUSTER-03] Batch job completed successfully.
2026-05-31 03:24:35.414309,WARNING,[LEGACY-SRV-01] Connection pool nearing limit.
2026-05-31 04:46:39.414309,CRITICAL,[LEGACY-SRV-01] System unresponsive. Manual intervention required.
2026-05-31 04:52:55.414309,CRITICAL,[DB-CLUSTER-03] Database cluster failover initiated.
2026-05-31 05:00:29.414309,ERROR,[LEGACY-SRV-01] File lock contention detected.
2026-05-31 05:16:18.414309,INFO,[LEGACY-SRV-02] Cache cleared.
2026-05-31 05:20:35.414309,INFO,[MAINFRAME-A] User login authenticated.
2026-05-31 05:51:34.414309,INFO,[LEGACY-SRV-01] User login authenticated.
2026-05-31 06:12:50.414309,ERROR,[MAINFRAME-A] API timeout after 30s.
2026-05-31 06:15:25.414309,INFO,[LEGACY-SRV-01] Batch job completed successfully.
2026-05-31 06:56:18.414309,INFO,[LEGACY-SRV-01] Routine backup finished.
2026-05-31 07:32:25.414309,INFO,[DB-CLUSTER-03] Routine backup finished.
2026-05-31 07:39:45.414309,INFO,[LEGACY-SRV-01] Batch job completed successfully.
2026-05-31 07:51:25.414309,WARNING,[MAINFRAME-A] Slow query detected in legacy DB.
2026-05-31 08:12:26.414309,WARNING,[MAINFRAME-A] Disk space below 20%.
2026-05-31 08:13:37.414309,INFO,[MAINFRAME-A] User login authenticated.
2026-05-31 08:26:59.414309,INFO,[LEGACY-SRV-01] User login authenticated.
2026-05-31 08:47:23.414309,INFO,[MAINFRAME-A] User login authenticated.
2026-05-31 09:21:01.414309,CRITICAL,[LEGACY-SRV-02] System unresponsive. Manual intervention required.
2026-05-31 10:04:21.414309,INFO,[LEGACY-SRV-01] Cache cleared.
2026-05-31 11:07:20.414309,INFO,[LEGACY-SRV-02] Routine backup finished.
2026-05-31 11:28:15.414309,INFO,[LEGACY-SRV-02] Cache cleared.
2026-05-31 11:31:05.414309,WARNING,[LEGACY-SRV-01] High memory threshold approaching.
2026-05-31 11:47:07.414309,ERROR,[LEGACY-SRV-01] Transaction rollback triggered.
2026-05-31 12:12:35.414309,ERROR,[LEGACY-SRV-01] Failed to connect to mainframe.
2026-05-31 12:23:47.414309,INFO,[LEGACY-SRV-01] Routine backup finished.
2026-05-31 12:36:23.414309,INFO,[MAINFRAME-A] User login authenticated.
2026-05-31 12:51:33.414309,INFO,[DB-CLUSTER-03] User login authenticated.
2026-05-31 13:30:42.414309,WARNING,[DB-CLUSTER-03] Disk space below 20%.
2026-05-31 13:38:07.414309,WARNING,[DB-CLUSTER-03] Slow query detected in legacy DB.
2026-05-31 13:56:08.414309,INFO,[DB-CLUSTER-03] Batch job completed successfully.
2026-05-31 14:16:42.414309,INFO,[LEGACY-SRV-01] Cache cleared.
2026-05-31 14:33:04.414309,INFO,[LEGACY-SRV-02] User login authenticated.
2026-05-31 14:42:47.414309,INFO,[LEGACY-SRV-01] Cache cleared.
2026-05-31 14:50:20.414309,WARNING,[LEGACY-SRV-02] Slow query detected in legacy DB.
2026-05-31 14:58:39.414309,INFO,[LEGACY-SRV-02] User login authenticated.
2026-05-31 15:22:06.414309,INFO,[MAINFRAME-A] Cache cleared.
2026-05-31 16:13:58.414309,ERROR,[LEGACY-SRV-02] File lock contention detected.
2026-05-31 16:22:09.414309,INFO,[LEGACY-SRV-01] Routine backup finished.
2026-05-31 17:14:11.414309,INFO,[LEGACY-SRV-02] Batch job completed successfully.
2026-05-31 17:43:54.414309,INFO,[LEGACY-SRV-02] Routine backup finished.
2026-05-31 19:05:07.414309,CRITICAL,[LEGACY-SRV-02] Database cluster failover initiated.
2026-05-31 20:08:07.414309,WARNING,[DB-CLUSTER-03] Disk space below 20%.
2026-05-31 20:12:32.414309,INFO,[LEGACY-SRV-02] Cache cleared.
2026-05-31 21:28:12.414309,INFO,[LEGACY-SRV-01] Batch job completed successfully.
2026-05-31 21:29:15.414309,INFO,[MAINFRAME-A] Routine backup finished.
2026-05-31 22:13:09.414309,INFO,[DB-CLUSTER-03] User login authenticated.
2026-05-31 22:35:13.414309,INFO,[LEGACY-SRV-01] Routine backup finished.
2026-05-31 22:37:01.414309,WARNING,[LEGACY-SRV-01] Disk space below 20%.
2026-05-31 22:43:25.414309,INFO,[DB-CLUSTER-03] User login authenticated.
2026-05-31 22:52:38.414309,INFO,[LEGACY-SRV-01] User login authenticated.
2026-05-31 23:45:02.414309,WARNING,[DB-CLUSTER-03] Connection pool nearing limit.
2026-06-01 00:10:09.414309,WARNING,[LEGACY-SRV-02] Slow query detected in legacy DB.
2026-06-01 00:29:48.414309,INFO,[DB-CLUSTER-03] Routine backup finished.
2026-06-01 00:30:06.414309,WARNING,[DB-CLUSTER-03] Slow query detected in legacy DB.
2026-06-01 00:59:43.414309,INFO,[MAINFRAME-A] Cache cleared.
2026-06-01 01:19:44.414309,INFO,[LEGACY-SRV-02] Routine backup finished.
2026-06-01 01:24:31.414309,WARNING,[LEGACY-SRV-01] Disk space below 20%.
2026-06-01 01:45:03.414309,WARNING,[LEGACY-SRV-02] Disk space below 20%.
2026-06-01 01:48:31.414309,INFO,[MAINFRAME-A] Routine backup finished.
2026-06-01 02:12:12.414309,INFO,[LEGACY-SRV-02] Cache cleared.
2026-06-01 02:38:09.414309,INFO,[LEGACY-SRV-01] User login authenticated.
2026-06-01 02:45:49.414309,INFO,[LEGACY-SRV-02] User login authenticated.
2026-06-01 03:01:45.414309,WARNING,[LEGACY-SRV-01] Connection pool nearing limit.
2026-06-01 03:03:47.414309,INFO,[LEGACY-SRV-01] Cache cleared.
2026-06-01 03:50:58.414309,INFO,[LEGACY-SRV-02] Routine backup finished.
2026-06-01 04:03:20.414309,WARNING,[DB-CLUSTER-03] Slow query detected in legacy DB.
2026-06-01 04:30:14.414309,CRITICAL,[LEGACY-SRV-01] Database cluster failover initiated.
2026-06-01 04:57:51.414309,INFO,[LEGACY-SRV-01] Routine backup finished.
2026-06-01 05:43:38.414309,INFO,[LEGACY-SRV-02] Batch job completed successfully.
2026-06-01 06:21:24.414309,INFO,[MAINFRAME-A] User login authenticated.
2026-06-01 06:47:20.414309,INFO,[DB-CLUSTER-03] Batch job completed successfully.
2026-06-01 06:54:59.414309,ERROR,[LEGACY-SRV-01] Failed to connect to mainframe.
2026-06-01 06:59:09.414309,INFO,[MAINFRAME-A] Batch job completed successfully.
2026-06-01 08:06:19.414309,INFO,[MAINFRAME-A] User login authenticated.
2026-06-01 08:11:06.414309,INFO,[MAINFRAME-A] Routine backup finished.
2026-06-01 08:15:26.414309,INFO,[DB-CLUSTER-03] User login authenticated.
2026-06-01 08:19:13.414309,ERROR,[DB-CLUSTER-03] API timeout after 30s.
2026-06-01 09:39:34.414309,INFO,[MAINFRAME-A] Batch job completed successfully.
2026-06-01 09:43:13.414309,INFO,[LEGACY-SRV-02] Cache cleared.
2026-06-01 10:02:40.414309,INFO,[LEGACY-SRV-02] Routine backup finished.
2026-06-01 10:04:29.414309,INFO,[DB-CLUSTER-03] Batch job completed successfully.
2026-06-01 10:29:52.414309,INFO,[DB-CLUSTER-03] Batch job completed successfully.
2026-06-01 10:33:45.414309,INFO,[MAINFRAME-A] Batch job completed successfully.
2026-06-01 11:05:12.414309,ERROR,[DB-CLUSTER-03] File lock contention detected.
2026-06-01 12:17:38.414309,INFO,[LEGACY-SRV-02] Routine backup finished.
2026-06-01 12:34:51.414309,INFO,[DB-CLUSTER-03] Batch job completed successfully.
2026-06-01 12:38:03.414309,INFO,[MAINFRAME-A] Routine backup finished.
2026-06-01 12:58:31.414309,INFO,[MAINFRAME-A] Batch job completed successfully.
2026-06-01 14:16:16.414309,WARNING,[LEGACY-SRV-02] Disk space below 20%.
2026-06-01 14:36:33.414309,INFO,[DB-CLUSTER-03] Routine backup finished.
2026-06-01 14:53:15.414309,WARNING,[MAINFRAME-A] High memory threshold approaching.
2026-06-01 14:59:23.414309,INFO,[MAINFRAME-A] User login authenticated.
2026-06-01 15:38:41.414309,INFO,[LEGACY-SRV-02] Routine backup finished.
2026-06-01 15:42:48.414309,ERROR,[LEGACY-SRV-01] File lock contention detected.
2026-06-01 15:51:55.414309,WARNING,[LEGACY-SRV-01] High memory threshold approaching.
2026-06-01 15:55:58.414309,WARNING,[DB-CLUSTER-03] High memory threshold approaching.
2026-06-01 16:49:12.414309,INFO,[LEGACY-SRV-02] Cache cleared.
2026-06-01 17:28:42.414309,WARNING,[LEGACY-SRV-01] Slow query detected in legacy DB.
2026-06-01 17:39:02.414309,ERROR,[LEGACY-SRV-01] File lock contention detected.
2026-06-01 18:15:38.414309,INFO,[MAINFRAME-A] Routine backup finished.
2026-06-01 18:41:12.414309,ERROR,[MAINFRAME-A] Failed to connect to mainframe.
2026-06-01 18:54:19.414309,WARNING,[DB-CLUSTER-03] High memory threshold approaching.
2026-06-01 18:57:22.414309,WARNING,[LEGACY-SRV-01] Disk space below 20%.
2026-06-01 19:05:33.414309,WARNING,[DB-CLUSTER-03] Slow query detected in legacy DB.
2026-06-01 19:36:37.414309,INFO,[LEGACY-SRV-02] Batch job completed successfully.
2026-06-01 19:50:24.414309,INFO,[MAINFRAME-A] Batch job completed successfully.
2026-06-01 20:20:25.414309,WARNING,[MAINFRAME-A] Connection pool nearing limit.
2026-06-01 20:31:05.414309,INFO,[MAINFRAME-A] Batch job completed successfully.
2026-06-01 20:49:08.414309,INFO,[LEGACY-SRV-01] User login authenticated.
2026-06-01 21:02:21.414309,WARNING,[MAINFRAME-A] Connection pool nearing limit.
2026-06-01 22:28:57.414309,INFO,[LEGACY-SRV-01] Batch job completed successfully.
2026-06-01 22:45:43.414309,INFO,[LEGACY-SRV-01] User login authenticated.
2026-06-02 00:11:43.414309,WARNING,[LEGACY-SRV-02] Slow query detected in legacy DB.
2026-06-02 00:12:18.414309,INFO,[MAINFRAME-A] Cache cleared.
2026-06-02 00:51:46.414309,WARNING,[LEGACY-SRV-02] Slow query detected in legacy DB.
2026-06-02 01:36:16.414309,WARNING,[MAINFRAME-A] High memory threshold approaching.
2026-06-02 02:03:23.414309,ERROR,[LEGACY-SRV-01] Failed to connect to mainframe.
2026-06-02 02:17:30.414309,WARNING,[DB-CLUSTER-03] Connection pool nearing limit.
2026-06-02 02:45:16.414309,INFO,[LEGACY-SRV-02] Routine backup finished.
2026-06-02 02:56:10.414309,INFO,[MAINFRAME-A] Routine backup finished.
2026-06-02 03:26:31.414309,INFO,[DB-CLUSTER-03] Cache cleared.
2026-06-02 03:36:56.414309,INFO,[DB-CLUSTER-03] Routine backup finished.
2026-06-02 03:51:11.414309,INFO,[DB-CLUSTER-03] Cache cleared.
2026-06-02 03:59:04.414309,INFO,[MAINFRAME-A] Routine backup finished.
2026-06-02 04:31:45.414309,ERROR,[LEGACY-SRV-02] API timeout after 30s.
2026-06-02 04:33:10.414309,INFO,[MAINFRAME-A] User login authenticated.
2026-06-02 04:33:43.414309,INFO,[MAINFRAME-A] User login authenticated.
2026-06-02 04:35:42.414309,INFO,[DB-CLUSTER-03] Batch job completed successfully.
2026-06-02 04:42:54.414309,ERROR,[LEGACY-SRV-01] API timeout after 30s.
2026-06-02 05:02:48.414309,INFO,[DB-CLUSTER-03] Batch job completed successfully.
2026-06-02 05:46:38.414309,ERROR,[LEGACY-SRV-02] API timeout after 30s.
2026-06-02 05:52:11.414309,CRITICAL,[DB-CLUSTER-03] Security breach attempt blocked.
2026-06-02 06:19:34.414309,INFO,[DB-CLUSTER-03] Batch job completed successfully.
2026-06-02 06:20:54.414309,INFO,[DB-CLUSTER-03] Batch job completed successfully.
2026-06-02 07:08:51.414309,INFO,[LEGACY-SRV-01] User login authenticated.
2026-06-02 08:01:03.414309,INFO,[DB-CLUSTER-03] User login authenticated.
2026-06-02 08:25:52.414309,INFO,[DB-CLUSTER-03] Batch job completed successfully.
2026-06-02 09:18:23.414309,INFO,[DB-CLUSTER-03] User login authenticated.
2026-06-02 09:27:17.414309,CRITICAL,[MAINFRAME-A] Database cluster failover initiated.
2026-06-02 09:35:38.414309,INFO,[MAINFRAME-A] Cache cleared.
2026-06-02 09:44:23.414309,ERROR,[DB-CLUSTER-03] API timeout after 30s.
2026-06-02 10:03:45.414309,ERROR,[LEGACY-SRV-02] API timeout after 30s.
2026-06-02 10:33:54.414309,WARNING,[MAINFRAME-A] Slow query detected in legacy DB.
2026-06-02 10:37:01.414309,INFO,[LEGACY-SRV-01] User login authenticated.
2026-06-02 11:06:01.414309,INFO,[MAINFRAME-A] Batch job completed successfully.
2026-06-02 11:16:47.414309,INFO,[LEGACY-SRV-01] Cache cleared.
2026-06-02 12:20:35.414309,INFO,[LEGACY-SRV-01] Batch job completed successfully.
2026-06-02 12:40:08.414309,ERROR,[LEGACY-SRV-01] Failed to connect to mainframe.
2026-06-02 13:14:12.414309,INFO,[LEGACY-SRV-02] Cache cleared.
2026-06-02 13:35:41.414309,INFO,[LEGACY-SRV-01] Cache cleared.
2026-06-02 13:44:38.414309,INFO,[DB-CLUSTER-03] Batch job completed successfully.
2026-06-02 14:16:02.414309,ERROR,[LEGACY-SRV-02] API timeout after 30s.
2026-06-02 14:46:44.414309,WARNING,[MAINFRAME-A] Slow query detected in legacy DB.
2026-06-02 14:59:34.414309,WARNING,[DB-CLUSTER-03] Slow query detected in legacy DB.
2026-06-02 15:16:44.414309,WARNING,[MAINFRAME-A] Connection pool nearing limit.
2026-06-02 15:18:50.414309,INFO,[DB-CLUSTER-03] User login authenticated.
2026-06-02 15:59:45.414309,INFO,[LEGACY-SRV-02] Routine backup finished.
2026-06-02 16:23:27.414309,INFO,[LEGACY-SRV-02] Batch job completed successfully.
2026-06-02 16:32:46.414309,ERROR,[LEGACY-SRV-01] Failed to connect to mainframe.
2026-06-02 16:56:58.414309,WARNING,[LEGACY-SRV-01] Connection pool nearing limit.
2026-06-02 17:00:10.414309,INFO,[MAINFRAME-A] Cache cleared.
2026-06-02 17:18:24.414309,WARNING,[LEGACY-SRV-01] Slow query detected in legacy DB.
2026-06-02 17:36:59.414309,WARNING,[MAINFRAME-A] Connection pool nearing limit.
2026-06-02 19:14:24.414309,INFO,[MAINFRAME-A] User login authenticated.
2026-06-02 19:27:11.414309,INFO,[LEGACY-SRV-02] Cache cleared.
2026-06-02 19:57:13.414309,INFO,[LEGACY-SRV-02] Cache cleared.
2026-06-02 20:11:03.414309,INFO,[MAINFRAME-A] Batch job completed successfully.
2026-06-02 20:19:46.414309,INFO,[LEGACY-SRV-01] User login authenticated.
2026-06-02 20:26:21.414309,INFO,[LEGACY-SRV-02] Batch job completed successfully.
2026-06-02 20:42:46.414309,WARNING,[LEGACY-SRV-02] Disk space below 20%.
2026-06-02 20:57:36.414309,INFO,[LEGACY-SRV-01] Batch job completed successfully.
2026-06-02 21:50:30.414309,CRITICAL,[DB-CLUSTER-03] System unresponsive. Manual intervention required.
2026-06-02 21:57:49.414309,ERROR,[LEGACY-SRV-01] API timeout after 30s.
2026-06-02 22:05:05.414309,ERROR,[LEGACY-SRV-02] File lock contention detected.
2026-06-02 22:10:40.414309,INFO,[DB-CLUSTER-03] Routine backup finished.
2026-06-02 22:26:49.414309,WARNING,[LEGACY-SRV-02] High memory threshold approaching.
2026-06-02 23:01:11.414309,INFO,[MAINFRAME-A] Routine backup finished.
2026-06-02 23:26:05.414309,INFO,[LEGACY-SRV-02] Cache cleared.
2026-06-02 23:42:21.414309,WARNING,[MAINFRAME-A] Connection pool nearing limit.
2026-06-02 23:48:03.414309,ERROR,[LEGACY-SRV-02] Transaction rollback triggered.
2026-06-02 23:48:49.414309,WARNING,[LEGACY-SRV-02] Slow query detected in legacy DB.
2026-06-03 00:04:30.414309,INFO,[LEGACY-SRV-01] Routine backup finished.
2026-06-03 00:28:02.414309,WARNING,[LEGACY-SRV-01] Disk space below 20%.
2026-06-03 00:47:15.414309,WARNING,[DB-CLUSTER-03] Slow query detected in legacy DB.
2026-06-03 01:04:06.414309,INFO,[LEGACY-SRV-02] Routine backup finished.
2026-06-03 01:22:54.414309,INFO,[DB-CLUSTER-03] Batch job completed successfully.
2026-06-03 01:26:24.414309,CRITICAL,[DB-CLUSTER-03] Security breach attempt blocked.
2026-06-03 01:31:52.414309,INFO,[LEGACY-SRV-01] Batch job completed successfully.
2026-06-03 02:40:47.414309,ERROR,[LEGACY-SRV-02] Failed to connect to mainframe.
2026-06-03 02:44:54.414309,INFO,[LEGACY-SRV-01] Cache cleared.
2026-06-03 04:00:57.414309,INFO,[MAINFRAME-A] Batch job completed successfully.
2026-06-03 04:02:51.414309,INFO,[DB-CLUSTER-03] Routine backup finished.
2026-06-03 04:42:26.414309,INFO,[LEGACY-SRV-01] Cache cleared.
2026-06-03 04:54:32.414309,INFO,[LEGACY-SRV-01] Routine backup finished.
2026-06-03 04:58:56.414309,INFO,[MAINFRAME-A] Cache cleared.
2026-06-03 05:21:55.414309,ERROR,[LEGACY-SRV-01] Failed to connect to mainframe.
2026-06-03 05:57:39.414309,INFO,[LEGACY-SRV-01] User login authenticated.
2026-06-03 07:03:02.414309,INFO,[MAINFRAME-A] Cache cleared.
2026-06-03 07:21:05.414309,INFO,[DB-CLUSTER-03] User login authenticated.
2026-06-03 08:11:33.414309,INFO,[LEGACY-SRV-02] User login authenticated.
2026-06-03 08:37:53.414309,WARNING,[LEGACY-SRV-01] Disk space below 20%.
2026-06-03 09:05:32.414309,WARNING,[MAINFRAME-A] Slow query detected in legacy DB.
2026-06-03 10:08:05.414309,WARNING,[LEGACY-SRV-01] Slow query detected in legacy DB.
2026-06-03 10:11:53.414309,ERROR,[LEGACY-SRV-02] Failed to connect to mainframe.
2026-06-03 10:18:30.414309,INFO,[MAINFRAME-A] Routine backup finished.
2026-06-03 11:02:40.414309,WARNING,[LEGACY-SRV-01] Connection pool nearing limit.
2026-06-03 11:30:10.414309,INFO,[LEGACY-SRV-02] Cache cleared.
2026-06-03 11:31:40.414309,INFO,[LEGACY-SRV-02] Cache cleared.
2026-06-03 11:39:49.414309,WARNING,[LEGACY-SRV-01] Disk space below 20%.
2026-06-03 11:49:27.414309,INFO,[DB-CLUSTER-03] User login authenticated.
2026-06-03 12:02:45.414309,INFO,[LEGACY-SRV-01] Routine backup finished.
2026-06-03 12:04:53.414309,WARNING,[LEGACY-SRV-01] High memory threshold approaching.
2026-06-03 13:22:39.414309,WARNING,[LEGACY-SRV-01] High memory threshold approaching.
2026-06-03 13:29:50.414309,INFO,[DB-CLUSTER-03] Batch job completed successfully.
2026-06-03 13:33:34.414309,INFO,[LEGACY-SRV-01] Routine backup finished.
2026-06-03 13:52:25.414309,ERROR,[DB-CLUSTER-03] Transaction rollback triggered.
2026-06-03 14:07:09.414309,INFO,[LEGACY-SRV-01] Routine backup finished.
2026-06-03 14:15:09.414309,WARNING,[MAINFRAME-A] Connection pool nearing limit.
2026-06-03 14:22:32.414309,INFO,[DB-CLUSTER-03] Batch job completed successfully.
2026-06-03 14:26:09.414309,INFO,[DB-CLUSTER-03] Cache cleared.
2026-06-03 14:50:11.414309,INFO,[LEGACY-SRV-01] Cache cleared.
2026-06-03 15:21:47.414309,INFO,[LEGACY-SRV-01] Batch job completed successfully.
2026-06-03 16:03:07.414309,INFO,[DB-CLUSTER-03] Cache cleared.
2026-06-03 16:13:00.414309,ERROR,[MAINFRAME-A] API timeout after 30s.
2026-06-03 16:15:39.414309,WARNING,[LEGACY-SRV-02] Connection pool nearing limit.
2026-06-03 16:37:37.414309,INFO,[MAINFRAME-A] Batch job completed successfully.
2026-06-03 16:53:33.414309,ERROR,[LEGACY-SRV-01] API timeout after 30s.
2026-06-03 17:21:43.414309,INFO,[DB-CLUSTER-03] Batch job completed successfully.
2026-06-03 17:24:12.414309,ERROR,[DB-CLUSTER-03] Transaction rollback triggered.
2026-06-03 17:27:52.414309,INFO,[DB-CLUSTER-03] User login authenticated.
2026-06-03 17:30:07.414309,INFO,[LEGACY-SRV-01] Batch job completed successfully.
2026-06-03 17:49:32.414309,INFO,[LEGACY-SRV-01] Routine backup finished.
2026-06-03 18:05:33.414309,ERROR,[LEGACY-SRV-01] Failed to connect to mainframe.
2026-06-03 18:21:03.414309,INFO,[MAINFRAME-A] User login authenticated.
2026-06-03 18:34:07.414309,INFO,[LEGACY-SRV-02] Batch job completed successfully.
2026-06-03 18:43:37.414309,INFO,[DB-CLUSTER-03] User login authenticated.
2026-06-03 18:52:01.414309,INFO,[DB-CLUSTER-03] Routine backup finished.
2026-06-03 19:32:34.414309,INFO,[LEGACY-SRV-02] User login authenticated.
2026-06-03 20:40:40.414309,INFO,[LEGACY-SRV-01] User login authenticated.
2026-06-03 20:55:26.414309,INFO,[DB-CLUSTER-03] Batch job completed successfully.
2026-06-03 20:59:57.414309,INFO,[MAINFRAME-A] Routine backup finished.
2026-06-03 21:14:54.414309,WARNING,[LEGACY-SRV-02] High memory threshold approaching.
2026-06-03 21:16:28.414309,ERROR,[LEGACY-SRV-02] Transaction rollback triggered.
2026-06-03 21:28:35.414309,INFO,[MAINFRAME-A] Cache cleared.
2026-06-03 21:34:51.414309,CRITICAL,[MAINFRAME-A] System unresponsive. Manual intervention required.
2026-06-03 21:40:09.414309,INFO,[MAINFRAME-A] Routine backup finished.
2026-06-03 22:04:46.414309,INFO,[DB-CLUSTER-03] User login authenticated.
2026-06-03 22:05:08.414309,INFO,[LEGACY-SRV-01] Routine backup finished.
2026-06-03 22:40:20.414309,INFO,[LEGACY-SRV-01] Cache cleared.
2026-06-03 22:40:50.414309,INFO,[LEGACY-SRV-01] User login authenticated.
2026-06-03 22:57:48.414309,ERROR,[LEGACY-SRV-02] Transaction rollback triggered.
2026-06-03 23:14:18.414309,INFO,[MAINFRAME-A] Cache cleared.
2026-06-03 23:53:15.414309,ERROR,[DB-CLUSTER-03] API timeout after 30s.
2026-06-04 00:01:26.414309,INFO,[MAINFRAME-A] Batch job completed successfully.
2026-06-04 00:15:19.414309,INFO,[LEGACY-SRV-01] Routine backup finished.
2026-06-04 00:19:08.414309,INFO,[LEGACY-SRV-02] Cache cleared.
2026-06-04 00:25:28.414309,WARNING,[MAINFRAME-A] Slow query detected in legacy DB.
2026-06-04 01:58:30.414309,WARNING,[LEGACY-SRV-01] Connection pool nearing limit.
2026-06-04 02:21:39.414309,WARNING,[LEGACY-SRV-02] High memory threshold approaching.
2026-06-04 02:59:02.414309,WARNING,[LEGACY-SRV-02] Disk space below 20%.
2026-06-04 03:44:24.414309,WARNING,[DB-CLUSTER-03] Connection pool nearing limit.
2026-06-04 03:57:39.414309,INFO,[DB-CLUSTER-03] Routine backup finished.
2026-06-04 03:58:15.414309,INFO,[LEGACY-SRV-01] Batch job completed successfully.
2026-06-04 04:14:31.414309,INFO,[LEGACY-SRV-01] Cache cleared.
2026-06-04 04:14:53.414309,INFO,[LEGACY-SRV-02] Cache cleared.
2026-06-04 04:20:12.414309,INFO,[DB-CLUSTER-03] Cache cleared.
2026-06-04 04:22:13.414309,ERROR,[MAINFRAME-A] API timeout after 30s.
2026-06-04 04:34:50.414309,INFO,[MAINFRAME-A] Batch job completed successfully.
2026-06-04 04:59:28.414309,WARNING,[LEGACY-SRV-01] Connection pool nearing limit.
2026-06-04 05:29:21.414309,INFO,[LEGACY-SRV-01] User login authenticated.
2026-06-04 05:53:07.414309,INFO,[DB-CLUSTER-03] Routine backup finished.
2026-06-04 06:10:41.414309,ERROR,[LEGACY-SRV-01] File lock contention detected.
2026-06-04 06:15:44.414309,INFO,[LEGACY-SRV-02] Cache cleared.
2026-06-04 06:36:24.414309,INFO,[LEGACY-SRV-02] User login authenticated.
2026-06-04 06:55:36.414309,INFO,[LEGACY-SRV-02] Routine backup finished.
2026-06-04 07:15:37.414309,INFO,[DB-CLUSTER-03] Batch job completed successfully.
2026-06-04 07:24:46.414309,INFO,[LEGACY-SRV-02] User login authenticated.
2026-06-04 07:33:05.414309,INFO,[LEGACY-SRV-01] Cache cleared.
2026-06-04 07:33:55.414309,INFO,[DB-CLUSTER-03] Routine backup finished.
2026-06-04 08:16:22.414309,INFO,[LEGACY-SRV-01] Cache cleared.
2026-06-04 08:36:37.414309,WARNING,[DB-CLUSTER-03] Disk space below 20%.
2026-06-04 08:55:22.414309,ERROR,[DB-CLUSTER-03] Failed to connect to mainframe.
2026-06-04 08:55:54.414309,INFO,[DB-CLUSTER-03] Batch job completed successfully.
2026-06-04 09:20:09.414309,WARNING,[LEGACY-SRV-01] Disk space below 20%.
2026-06-04 10:07:54.414309,ERROR,[LEGACY-SRV-02] Failed to connect to mainframe.
2026-06-04 10:12:02.414309,CRITICAL,[MAINFRAME-A] Security breach attempt blocked.
2026-06-04 10:16:44.414309,INFO,[MAINFRAME-A] Batch job completed successfully.
2026-06-04 11:21:59.414309,INFO,[LEGACY-SRV-02] Batch job completed successfully.
2026-06-04 11:35:44.414309,INFO,[DB-CLUSTER-03] Routine backup finished.
2026-06-04 11:59:06.414309,ERROR,[LEGACY-SRV-01] Failed to connect to mainframe.
2026-06-04 12:21:41.414309,INFO,[LEGACY-SRV-01] User login authenticated.
2026-06-04 12:28:33.414309,INFO,[DB-CLUSTER-03] Cache cleared.
2026-06-04 13:25:54.414309,ERROR,[LEGACY-SRV-01] API timeout after 30s.
2026-06-04 14:31:40.414309,WARNING,[LEGACY-SRV-02] High memory threshold approaching.
2026-06-04 14:35:20.414309,INFO,[MAINFRAME-A] Routine backup finished.
2026-06-04 14:39:11.414309,ERROR,[LEGACY-SRV-01] Failed to connect to mainframe.
2026-06-04 14:43:36.414309,INFO,[DB-CLUSTER-03] Cache cleared.
2026-06-04 15:02:01.414309,INFO,[MAINFRAME-A] Batch job completed successfully.
2026-06-04 16:12:19.414309,INFO,[LEGACY-SRV-01] Routine backup finished.
2026-06-04 16:54:43.414309,CRITICAL,[MAINFRAME-A] Core dump generated.
2026-06-04 17:02:15.414309,ERROR,[LEGACY-SRV-01] Transaction rollback triggered.
2026-06-04 17:23:23.414309,INFO,[MAINFRAME-A] User login authenticated.
2026-06-04 17:58:20.414309,CRITICAL,[DB-CLUSTER-03] System unresponsive. Manual intervention required.
2026-06-04 18:50:40.414309,INFO,[LEGACY-SRV-01] Batch job completed successfully.
2026-06-04 19:09:09.414309,INFO,[LEGACY-SRV-01] User login authenticated.
2026-06-04 20:30:12.414309,ERROR,[LEGACY-SRV-01] API timeout after 30s.
2026-06-04 20:33:39.414309,INFO,[LEGACY-SRV-01] Cache cleared.
2026-06-04 20:57:43.414309,WARNING,[DB-CLUSTER-03] Slow query detected in legacy DB.
2026-06-04 21:51:48.414309,INFO,[LEGACY-SRV-02] Batch job completed successfully.
2026-06-04 22:29:53.414309,WARNING,[LEGACY-SRV-01] Disk space below 20%.
2026-06-04 22:47:08.414309,INFO,[LEGACY-SRV-01] Routine backup finished.
2026-06-04 23:51:19.414309,ERROR,[LEGACY-SRV-01] Transaction rollback triggered.
2026-06-05 00:01:55.414309,INFO,[MAINFRAME-A] Routine backup finished.
2026-06-05 00:38:10.414309,WARNING,[LEGACY-SRV-01] Disk space below 20%.
2026-06-05 01:05:10.414309,INFO,[LEGACY-SRV-01] User login authenticated.
2026-06-05 01:21:48.414309,WARNING,[LEGACY-SRV-02] Connection pool nearing limit.
2026-06-05 01:24:11.414309,INFO,[LEGACY-SRV-01] Cache cleared.
2026-06-05 01:54:33.414309,INFO,[LEGACY-SRV-02] User login authenticated.
2026-06-05 02:24:57.414309,INFO,[LEGACY-SRV-02] Routine backup finished.
2026-06-05 02:34:51.414309,INFO,[MAINFRAME-A] Cache cleared.
2026-06-05 03:04:52.414309,INFO,[MAINFRAME-A] User login authenticated.
2026-06-05 03:07:31.414309,INFO,[DB-CLUSTER-03] User login authenticated.
2026-06-05 03:11:36.414309,CRITICAL,[LEGACY-SRV-02] Core dump generated.
2026-06-05 03:20:48.414309,INFO,[LEGACY-SRV-01] Routine backup finished.
2026-06-05 03:39:41.414309,INFO,[DB-CLUSTER-03] Batch job completed successfully.
2026-06-05 04:00:55.414309,WARNING,[MAINFRAME-A] Disk space below 20%.
2026-06-05 04:23:26.414309,WARNING,[MAINFRAME-A] Slow query detected in legacy DB.
2026-06-05 05:52:52.414309,INFO,[LEGACY-SRV-02] Cache cleared.
2026-06-05 06:10:42.414309,INFO,[LEGACY-SRV-01] Batch job completed successfully.
2026-06-05 06:11:22.414309,ERROR,[LEGACY-SRV-01] File lock contention detected.
2026-06-05 06:20:49.414309,WARNING,[LEGACY-SRV-01] High memory threshold approaching.
2026-06-05 06:44:07.414309,WARNING,[DB-CLUSTER-03] High memory threshold approaching.
2026-06-05 07:06:37.414309,WARNING,[DB-CLUSTER-03] High memory threshold approaching.
2026-06-05 07:27:17.414309,ERROR,[MAINFRAME-A] File lock contention detected.
2026-06-05 07:30:15.414309,INFO,[DB-CLUSTER-03] Routine backup finished.
2026-06-05 07:48:30.414309,INFO,[LEGACY-SRV-01] Batch job completed successfully.
2026-06-05 08:11:13.414309,WARNING,[DB-CLUSTER-03] Slow query detected in legacy DB.
2026-06-05 08:12:00.414309,WARNING,[MAINFRAME-A] Connection pool nearing limit.
2026-06-05 08:53:23.414309,INFO,[MAINFRAME-A] User login authenticated.
2026-06-05 09:18:13.414309,INFO,[LEGACY-SRV-01] Routine backup finished.
2026-06-05 09:29:23.414309,WARNING,[LEGACY-SRV-02] Disk space below 20%.
2026-06-05 09:44:41.414309,WARNING,[LEGACY-SRV-01] Connection pool nearing limit.
2026-06-05 09:56:21.414309,INFO,[LEGACY-SRV-02] Routine backup finished.
2026-06-05 09:59:52.414309,WARNING,[LEGACY-SRV-02] Disk space below 20%.
2026-06-05 10:11:46.414309,INFO,[MAINFRAME-A] Routine backup finished.
2026-06-05 10:43:15.414309,ERROR,[DB-CLUSTER-03] Transaction rollback triggered.
2026-06-05 11:43:05.414309,INFO,[LEGACY-SRV-02] Cache cleared.
2026-06-05 12:46:39.414309,INFO,[MAINFRAME-A] Routine backup finished.
2026-06-05 12:51:30.414309,INFO,[LEGACY-SRV-01] Routine backup finished.
2026-06-05 12:58:26.414309,WARNING,[LEGACY-SRV-01] High memory threshold approaching.
2026-06-05 13:02:55.414309,WARNING,[DB-CLUSTER-03] Slow query detected in legacy DB.
2026-06-05 13:16:44.414309,INFO,[DB-CLUSTER-03] User login authenticated.
2026-06-05 13:17:43.414309,INFO,[MAINFRAME-A] Cache cleared.
2026-06-05 14:00:17.414309,WARNING,[MAINFRAME-A] Slow query detected in legacy DB.
2026-06-05 14:42:16.414309,WARNING,[LEGACY-SRV-02] Slow query detected in legacy DB.
2026-06-05 14:53:28.414309,INFO,[MAINFRAME-A] User login authenticated.
2026-06-05 14:54:55.414309,INFO,[LEGACY-SRV-01] Batch job completed successfully.
2026-06-05 15:43:29.414309,ERROR,[MAINFRAME-A] API timeout after 30s.
2026-06-05 16:18:45.414309,ERROR,[DB-CLUSTER-03] API timeout after 30s.
2026-06-05 16:43:37.414309,INFO,[DB-CLUSTER-03] Cache cleared.
2026-06-05 17:12:56.414309,WARNING,[LEGACY-SRV-01] Disk space below 20%.
2026-06-05 17:14:26.414309,INFO,[MAINFRAME-A] Routine backup finished.
2026-06-05 17:37:03.414309,INFO,[MAINFRAME-A] Cache cleared.
2026-06-05 18:22:52.414309,INFO,[LEGACY-SRV-01] Batch job completed successfully.
2026-06-05 18:51:33.414309,CRITICAL,[MAINFRAME-A] System unresponsive. Manual intervention required.
2026-06-05 19:04:22.414309,INFO,[LEGACY-SRV-02] Routine backup finished.
2026-06-05 19:08:33.414309,WARNING,[DB-CLUSTER-03] Connection pool nearing limit.
2026-06-05 19:39:42.414309,ERROR,[LEGACY-SRV-02] Failed to connect to mainframe.
2026-06-05 19:43:22.414309,INFO,[LEGACY-SRV-02] Routine backup finished.
2026-06-05 19:52:59.414309,INFO,[MAINFRAME-A] Routine backup finished.
2026-06-05 20:08:41.414309,ERROR,[LEGACY-SRV-01] API timeout after 30s.
2026-06-05 20:17:55.414309,ERROR,[MAINFRAME-A] Failed to connect to mainframe.
2026-06-05 20:28:39.414309,INFO,[LEGACY-SRV-02] Routine backup finished.
2026-06-05 20:41:55.414309,WARNING,[LEGACY-SRV-02] Slow query detected in legacy DB.
2026-06-05 20:52:43.414309,INFO,[LEGACY-SRV-01] Batch job completed successfully.
2026-06-05 21:20:47.414309,INFO,[LEGACY-SRV-01] Cache cleared.
2026-06-05 21:55:45.414309,INFO,[DB-CLUSTER-03] Routine backup finished.
2026-06-05 22:34:07.414309,WARNING,[DB-CLUSTER-03] Connection pool nearing limit.
2026-06-06 00:06:03.414309,WARNING,[LEGACY-SRV-01] Slow query detected in legacy DB.
2026-06-06 00:06:54.414309,INFO,[LEGACY-SRV-01] Cache cleared.
2026-06-06 01:15:23.414309,ERROR,[LEGACY-SRV-01] Failed to connect to mainframe.
2026-06-06 01:21:27.414309,ERROR,[DB-CLUSTER-03] File lock contention detected.
2026-06-06 02:21:55.414309,INFO,[DB-CLUSTER-03] Cache cleared.
2026-06-06 02:22:41.414309,ERROR,[MAINFRAME-A] File lock contention detected.
2026-06-06 02:23:31.414309,INFO,[DB-CLUSTER-03] Cache cleared.
2026-06-06 02:29:26.414309,WARNING,[LEGACY-SRV-01] Connection pool nearing limit.
2026-06-06 02:38:35.414309,WARNING,[DB-CLUSTER-03] Disk space below 20%.
2026-06-06 02:41:51.414309,INFO,[MAINFRAME-A] User login authenticated.
2026-06-06 02:43:18.414309,INFO,[DB-CLUSTER-03] Routine backup finished.
2026-06-06 02:51:41.414309,INFO,[MAINFRAME-A] Cache cleared.
2026-06-06 03:16:41.414309,INFO,[DB-CLUSTER-03] User login authenticated.
2026-06-06 03:53:54.414309,INFO,[LEGACY-SRV-02] Routine backup finished.
2026-06-06 04:25:41.414309,INFO,[DB-CLUSTER-03] Routine backup finished.
2026-06-06 04:49:22.414309,INFO,[LEGACY-SRV-01] Routine backup finished.
2026-06-06 05:00:01.414309,INFO,[DB-CLUSTER-03] User login authenticated.
2026-06-06 05:11:18.414309,INFO,[MAINFRAME-A] Routine backup finished.
2026-06-06 05:18:08.414309,ERROR,[LEGACY-SRV-02] File lock contention detected.
2026-06-06 05:21:06.414309,INFO,[DB-CLUSTER-03] User login authenticated.
2026-06-06 05:26:14.414309,WARNING,[DB-CLUSTER-03] Slow query detected in legacy DB.
2026-06-06 05:46:04.414309,ERROR,[LEGACY-SRV-02] API timeout after 30s.
2026-06-06 05:52:23.414309,WARNING,[LEGACY-SRV-02] High memory threshold approaching.
2026-06-06 05:57:36.414309,CRITICAL,[DB-CLUSTER-03] Core dump generated.
2026-06-06 06:49:40.414309,INFO,[MAINFRAME-A] User login authenticated.
2026-06-06 06:55:39.414309,WARNING,[LEGACY-SRV-01] Disk space below 20%.
2026-06-06 07:43:12.414309,INFO,[LEGACY-SRV-02] Routine backup finished.
2026-06-06 09:05:37.414309,INFO,[MAINFRAME-A] Cache cleared.
2026-06-06 09:28:42.414309,ERROR,[MAINFRAME-A] Failed to connect to mainframe.
2026-06-06 09:38:55.414309,INFO,[DB-CLUSTER-03] Routine backup finished.
2026-06-06 09:50:27.414309,INFO,[MAINFRAME-A] User login authenticated.
2026-06-06 10:04:29.414309,ERROR,[LEGACY-SRV-02] Transaction rollback triggered.
2026-06-06 10:40:49.414309,CRITICAL,[MAINFRAME-A] Core dump generated.
2026-06-06 11:31:59.414309,WARNING,[LEGACY-SRV-02] High memory threshold approaching.
2026-06-06 11:37:31.414309,ERROR,[LEGACY-SRV-01] File lock contention detected.
2026-06-06 12:22:35.414309,ERROR,[LEGACY-SRV-01] Failed to connect to mainframe.
2026-06-06 12:47:53.414309,INFO,[MAINFRAME-A] User login authenticated.
2026-06-06 13:03:39.414309,INFO,[DB-CLUSTER-03] Cache cleared.
2026-06-06 13:04:50.414309,WARNING,[LEGACY-SRV-01] High memory threshold approaching.
2026-06-06 14:44:05.414309,INFO,[MAINFRAME-A] Routine backup finished.
2026-06-06 14:45:18.414309,INFO,[LEGACY-SRV-02] Routine backup finished.
2026-06-06 14:50:26.414309,INFO,[LEGACY-SRV-02] Routine backup finished.
2026-06-06 14:59:36.414309,INFO,[LEGACY-SRV-01] Cache cleared.
2026-06-06 15:40:23.414309,INFO,[LEGACY-SRV-02] Batch job completed successfully.
2026-06-06 15:50:09.414309,ERROR,[LEGACY-SRV-01] File lock contention detected.
2026-06-06 15:59:32.414309,INFO,[MAINFRAME-A] Routine backup finished.
2026-06-06 16:47:46.414309,INFO,[DB-CLUSTER-03] Routine backup finished.
2026-06-06 17:23:13.414309,INFO,[LEGACY-SRV-01] Batch job completed successfully.
2026-06-06 17:34:00.414309,WARNING,[MAINFRAME-A] High memory threshold approaching.
2026-06-06 18:14:01.414309,INFO,[LEGACY-SRV-01] User login authenticated.
2026-06-06 18:55:35.414309,ERROR,[LEGACY-SRV-02] Failed to connect to mainframe.
2026-06-06 19:14:12.414309,ERROR,[MAINFRAME-A] Failed to connect to mainframe.
2026-06-06 19:31:04.414309,INFO,[DB-CLUSTER-03] Routine backup finished.
2026-06-06 19:48:02.414309,INFO,[MAINFRAME-A] User login authenticated.
2026-06-06 20:01:10.414309,INFO,[LEGACY-SRV-01] Cache cleared.
2026-06-06 20:20:54.414309,WARNING,[LEGACY-SRV-02] High memory threshold approaching.
2026-06-06 20:22:37.414309,INFO,[MAINFRAME-A] User login authenticated.
2026-06-06 20:43:09.414309,WARNING,[LEGACY-SRV-02] High memory threshold approaching.
2026-06-06 21:07:58.414309,INFO,[DB-CLUSTER-03] Batch job completed successfully.
2026-06-06 21:31:50.414309,INFO,[LEGACY-SRV-02] Cache cleared.
2026-06-06 21:46:18.414309,INFO,[DB-CLUSTER-03] User login authenticated.
2026-06-06 21:59:42.414309,WARNING,[DB-CLUSTER-03] Connection pool nearing limit.
2026-06-06 22:01:57.414309,INFO,[LEGACY-SRV-02] Cache cleared.
2026-06-06 22:37:29.414309,INFO,[LEGACY-SRV-01] Batch job completed successfully.
2026-06-06 23:02:17.414309,ERROR,[DB-CLUSTER-03] API timeout after 30s.
2026-06-06 23:39:52.414309,ERROR,[DB-CLUSTER-03] File lock contention detected.
2026-06-07 00:05:51.414309,INFO,[LEGACY-SRV-02] Routine backup finished.
2026-06-07 01:05:24.414309,INFO,[MAINFRAME-A] Batch job completed successfully.
2026-06-07 01:17:44.414309,INFO,[DB-CLUSTER-03] User login authenticated.
2026-06-07 01:23:32.414309,INFO,[LEGACY-SRV-01] Routine backup finished.
2026-06-07 01:32:57.414309,INFO,[LEGACY-SRV-02] Batch job completed successfully.
2026-06-07 01:35:14.414309,ERROR,[MAINFRAME-A] API timeout after 30s.
2026-06-07 01:44:23.414309,INFO,[MAINFRAME-A] Batch job completed successfully.
2026-06-07 01:48:31.414309,INFO,[LEGACY-SRV-02] User login authenticated.
2026-06-07 01:50:43.414309,INFO,[MAINFRAME-A] Cache cleared.
2026-06-07 02:16:05.414309,INFO,[MAINFRAME-A] User login authenticated.
2026-06-07 02:19:18.414309,ERROR,[LEGACY-SRV-02] Transaction rollback triggered.
2026-06-07 02:35:57.414309,INFO,[DB-CLUSTER-03] Cache cleared.
2026-06-07 02:54:45.414309,INFO,[DB-CLUSTER-03] Cache cleared.
2026-06-07 03:15:05.414309,INFO,[MAINFRAME-A] Cache cleared.
2026-06-07 03:24:19.414309,INFO,[LEGACY-SRV-02] Routine backup finished.
2026-06-07 04:09:36.414309,ERROR,[LEGACY-SRV-02] Failed to connect to mainframe.
2026-06-07 04:20:15.414309,INFO,[DB-CLUSTER-03] Cache cleared.
2026-06-07 04:40:28.414309,ERROR,[LEGACY-SRV-01] Transaction rollback triggered.
2026-06-07 04:41:35.414309,WARNING,[MAINFRAME-A] High memory threshold approaching.
2026-06-07 05:44:15.414309,WARNING,[DB-CLUSTER-03] Disk space below 20%.
2026-06-07 06:44:55.414309,INFO,[DB-CLUSTER-03] User login authenticated.
2026-06-07 07:22:56.414309,WARNING,[MAINFRAME-A] Connection pool nearing limit.
2026-06-07 07:24:17.414309,INFO,[LEGACY-SRV-02] Cache cleared.
2026-06-07 07:35:29.414309,ERROR,[LEGACY-SRV-02] API timeout after 30s.
2026-06-07 08:57:33.414309,INFO,[LEGACY-SRV-01] Routine backup finished.
2026-06-07 09:19:30.414309,INFO,[MAINFRAME-A] Cache cleared.
2026-06-07 09:29:00.414309,CRITICAL,[DB-CLUSTER-03] System unresponsive. Manual intervention required.
2026-06-07 09:32:48.414309,INFO,[LEGACY-SRV-02] Batch job completed successfully.
2026-06-07 09:33:33.414309,INFO,[MAINFRAME-A] Batch job completed successfully.
2026-06-07 09:39:11.414309,INFO,[LEGACY-SRV-01] Cache cleared.
2026-06-07 09:49:49.414309,ERROR,[LEGACY-SRV-02] Transaction rollback triggered.
2026-06-07 10:11:17.414309,WARNING,[LEGACY-SRV-02] Connection pool nearing limit.
2026-06-07 10:35:34.414309,ERROR,[LEGACY-SRV-01] Transaction rollback triggered.
2026-06-07 10:42:15.414309,INFO,[LEGACY-SRV-02] Cache cleared.
2026-06-07 10:45:12.414309,INFO,[MAINFRAME-A] Batch job completed successfully.
2026-06-07 11:11:19.414309,WARNING,[DB-CLUSTER-03] Disk space below 20%.
2026-06-07 11:18:14.414309,ERROR,[LEGACY-SRV-02] API timeout after 30s.
2026-06-07 11:29:02.414309,INFO,[LEGACY-SRV-01] User login authenticated.
2026-06-07 11:37:33.414309,INFO,[MAINFRAME-A] User login authenticated.
2026-06-07 11:38:18.414309,INFO,[LEGACY-SRV-02] Routine backup finished.
2026-06-07 12:09:55.414309,INFO,[DB-CLUSTER-03] Cache cleared.
2026-06-07 12:22:10.414309,ERROR,[MAINFRAME-A] Transaction rollback triggered.
2026-06-07 12:28:47.414309,INFO,[LEGACY-SRV-01] Routine backup finished.
2026-06-07 12:41:46.414309,INFO,[MAINFRAME-A] Batch job completed successfully.
2026-06-07 12:58:45.414309,WARNING,[DB-CLUSTER-03] High memory threshold approaching.
2026-06-07 13:08:29.414309,INFO,[LEGACY-SRV-02] Batch job completed successfully.
2026-06-07 13:55:08.414309,INFO,[MAINFRAME-A] Cache cleared.
2026-06-07 14:02:20.414309,INFO,[LEGACY-SRV-01] Cache cleared.
2026-06-07 14:24:34.414309,INFO,[DB-CLUSTER-03] Routine backup finished.
2026-06-07 15:32:34.414309,INFO,[MAINFRAME-A] Cache cleared.
2026-06-07 15:35:50.414309,INFO,[DB-CLUSTER-03] Routine backup finished.
2026-06-07 15:51:58.414309,INFO,[DB-CLUSTER-03] Routine backup finished.
2026-06-07 15:55:43.414309,WARNING,[MAINFRAME-A] High memory threshold approaching.
2026-06-07 16:04:13.414309,ERROR,[LEGACY-SRV-02] File lock contention detected.
2026-06-07 16:16:44.414309,ERROR,[LEGACY-SRV-01] Failed to connect to mainframe.
2026-06-07 17:08:49.414309,ERROR,[LEGACY-SRV-01] Failed to connect to mainframe.
2026-06-07 17:10:53.414309,INFO,[LEGACY-SRV-02] Routine backup finished.
2026-06-07 17:22:59.414309,INFO,[DB-CLUSTER-03] Cache cleared.
2026-06-07 17:57:40.414309,ERROR,[LEGACY-SRV-01] Transaction rollback triggered.
2026-06-07 18:40:04.414309,WARNING,[MAINFRAME-A] Connection pool nearing limit.
2026-06-07 18:40:08.414309,INFO,[LEGACY-SRV-01] Routine backup finished.
2026-06-07 18:41:07.414309,WARNING,[LEGACY-SRV-02] Disk space below 20%.
2026-06-07 18:55:50.414309,INFO,[LEGACY-SRV-01] Batch job completed successfully.
2026-06-07 20:37:32.414309,INFO,[LEGACY-SRV-02] User login authenticated.
2026-06-07 20:40:43.414309,WARNING,[LEGACY-SRV-02] Connection pool nearing limit.
2026-06-07 21:16:53.414309,INFO,[LEGACY-SRV-01] Batch job completed successfully.
2026-06-07 21:47:40.414309,ERROR,[LEGACY-SRV-02] API timeout after 30s.
2026-06-07 21:49:11.414309,INFO,[DB-CLUSTER-03] Routine backup finished.
2026-06-07 21:54:29.414309,WARNING,[LEGACY-SRV-01] Slow query detected in legacy DB.
2026-06-07 22:38:04.414309,INFO,[LEGACY-SRV-02] Routine backup finished.
2026-06-07 22:56:24.414309,INFO,[DB-CLUSTER-03] Cache cleared.
2026-06-07 22:59:48.414309,WARNING,[LEGACY-SRV-01] Connection pool nearing limit.
2026-06-07 23:37:41.414309,INFO,[LEGACY-SRV-02] Routine backup finished.
2026-06-08 00:04:18.414309,WARNING,[LEGACY-SRV-01] Connection pool nearing limit.
2026-06-08 01:01:46.414309,WARNING,[DB-CLUSTER-03] Slow query detected in legacy DB.
2026-06-08 01:09:16.414309,INFO,[MAINFRAME-A] User login authenticated.
2026-06-08 01:33:12.414309,INFO,[DB-CLUSTER-03] Routine backup finished.
2026-06-08 01:49:08.414309,INFO,[LEGACY-SRV-02] Cache cleared.
2026-06-08 01:54:18.414309,ERROR,[DB-CLUSTER-03] Failed to connect to mainframe.
2026-06-08 01:58:04.414309,WARNING,[LEGACY-SRV-01] High memory threshold approaching.
2026-06-08 02:02:15.414309,INFO,[LEGACY-SRV-01] User login authenticated.
2026-06-08 03:33:08.414309,ERROR,[LEGACY-SRV-01] Transaction rollback triggered.
2026-06-08 03:58:32.414309,INFO,[LEGACY-SRV-01] Routine backup finished.
2026-06-08 04:54:16.414309,INFO,[LEGACY-SRV-01] Routine backup finished.
2026-06-08 05:09:33.414309,WARNING,[DB-CLUSTER-03] Disk space below 20%.
2026-06-08 05:38:14.414309,WARNING,[LEGACY-SRV-01] Disk space below 20%.
2026-06-08 05:47:44.414309,CRITICAL,[MAINFRAME-A] Database cluster failover initiated.
2026-06-08 05:52:10.414309,CRITICAL,[DB-CLUSTER-03] Database cluster failover initiated.
2026-06-08 06:08:05.414309,INFO,[LEGACY-SRV-01] Routine backup finished.
2026-06-08 06:28:32.414309,WARNING,[LEGACY-SRV-02] Disk space below 20%.
2026-06-08 06:49:21.414309,WARNING,[MAINFRAME-A] Disk space below 20%.
2026-06-08 07:05:45.414309,ERROR,[LEGACY-SRV-02] API timeout after 30s.
2026-06-08 07:28:23.414309,INFO,[DB-CLUSTER-03] Batch job completed successfully.
2026-06-08 07:42:14.414309,CRITICAL,[MAINFRAME-A] Core dump generated.
2026-06-08 07:44:59.414309,INFO,[DB-CLUSTER-03] Cache cleared.
2026-06-08 07:49:47.414309,ERROR,[DB-CLUSTER-03] File lock contention detected.
2026-06-08 07:54:08.414309,INFO,[MAINFRAME-A] Batch job completed successfully.
2026-06-08 08:26:20.414309,INFO,[MAINFRAME-A] Routine backup finished.
2026-06-08 08:48:14.414309,INFO,[DB-CLUSTER-03] Routine backup finished.
2026-06-08 09:32:06.414309,INFO,[DB-CLUSTER-03] User login authenticated.
2026-06-08 09:46:14.414309,INFO,[LEGACY-SRV-01] Batch job completed successfully.
2026-06-08 10:28:08.414309,CRITICAL,[DB-CLUSTER-03] Database cluster failover initiated.
2026-06-08 10:46:18.414309,ERROR,[LEGACY-SRV-01] Transaction rollback triggered.
2026-06-08 10:47:22.414309,CRITICAL,[LEGACY-SRV-02] System unresponsive. Manual intervention required.
2026-06-08 10:48:50.414309,ERROR,[MAINFRAME-A] API timeout after 30s.
2026-06-08 11:01:31.414309,INFO,[DB-CLUSTER-03] Batch job completed successfully.
2026-06-08 11:19:05.414309,INFO,[LEGACY-SRV-02] Batch job completed successfully.
2026-06-08 11:37:14.414309,WARNING,[MAINFRAME-A] Slow query detected in legacy DB.
2026-06-08 13:29:40.414309,INFO,[DB-CLUSTER-03] User login authenticated.
2026-06-08 13:57:17.414309,CRITICAL,[LEGACY-SRV-02] Database cluster failover initiated.
2026-06-08 14:37:55.414309,CRITICAL,[DB-CLUSTER-03] System unresponsive. Manual intervention required.
2026-06-08 14:45:54.414309,CRITICAL,[DB-CLUSTER-03] Security breach attempt blocked.
2026-06-08 14:51:14.414309,ERROR,[MAINFRAME-A] Transaction rollback triggered.
2026-06-08 15:35:23.414309,INFO,[MAINFRAME-A] Cache cleared.
2026-06-08 15:47:13.414309,CRITICAL,[LEGACY-SRV-02] Security breach attempt blocked.
2026-06-08 15:56:27.414309,INFO,[LEGACY-SRV-02] Cache cleared.
2026-06-08 16:18:56.414309,INFO,[LEGACY-SRV-02] Batch job completed successfully.
2026-06-08 16:29:37.414309,CRITICAL,[LEGACY-SRV-01] System unresponsive. Manual intervention required.
2026-06-08 16:43:08.414309,INFO,[LEGACY-SRV-01] Routine backup finished.
2026-06-08 17:00:58.414309,INFO,[LEGACY-SRV-02] Routine backup finished.
2026-06-08 18:57:44.414309,INFO,[LEGACY-SRV-01] Routine backup finished.
2026-06-08 19:02:27.414309,INFO,[DB-CLUSTER-03] User login authenticated.
2026-06-08 19:17:53.414309,INFO,[LEGACY-SRV-02] Cache cleared.
2026-06-08 19:38:33.414309,INFO,[MAINFRAME-A] Routine backup finished.
2026-06-08 20:37:03.414309,INFO,[MAINFRAME-A] Routine backup finished.
2026-06-08 21:05:14.414309,WARNING,[DB-CLUSTER-03] Slow query detected in legacy DB.
2026-06-08 22:05:33.414309,INFO,[LEGACY-SRV-02] Batch job completed successfully.
2026-06-08 22:32:02.414309,INFO,[DB-CLUSTER-03] User login authenticated.
2026-06-08 23:11:13.414309,INFO,[LEGACY-SRV-02] User login authenticated.
2026-06-08 23:12:38.414309,INFO,[DB-CLUSTER-03] Cache cleared.
2026-06-08 23:23:38.414309,INFO,[MAINFRAME-A] Batch job completed successfully.
2026-06-08 23:25:37.414309,ERROR,[MAINFRAME-A] API timeout after 30s.
2026-06-08 23:32:34.414309,WARNING,[DB-CLUSTER-03] Slow query detected in legacy DB.
2026-06-09 00:12:50.414309,INFO,[LEGACY-SRV-02] Routine backup finished.
2026-06-09 00:26:42.414309,INFO,[LEGACY-SRV-02] Cache cleared.
2026-06-09 01:10:32.414309,WARNING,[LEGACY-SRV-02] Connection pool nearing limit.
2026-06-09 01:56:51.414309,INFO,[LEGACY-SRV-01] Batch job completed successfully.
2026-06-09 01:56:55.414309,ERROR,[LEGACY-SRV-02] API timeout after 30s.
2026-06-09 02:32:52.414309,INFO,[MAINFRAME-A] Batch job completed successfully.
2026-06-09 02:51:29.414309,INFO,[LEGACY-SRV-01] Batch job completed successfully.
2026-06-09 03:13:58.414309,INFO,[DB-CLUSTER-03] Batch job completed successfully.
2026-06-09 03:59:45.414309,INFO,[LEGACY-SRV-02] Cache cleared.
2026-06-09 04:07:22.414309,WARNING,[LEGACY-SRV-01] Slow query detected in legacy DB.
2026-06-09 04:40:07.414309,ERROR,[LEGACY-SRV-02] Failed to connect to mainframe.
2026-06-09 05:19:34.414309,ERROR,[LEGACY-SRV-02] Transaction rollback triggered.
2026-06-09 06:19:54.414309,WARNING,[DB-CLUSTER-03] High memory threshold approaching.
2026-06-09 06:39:43.414309,INFO,[LEGACY-SRV-01] Routine backup finished.
2026-06-09 06:58:04.414309,INFO,[DB-CLUSTER-03] User login authenticated.
2026-06-09 06:59:36.414309,INFO,[LEGACY-SRV-02] Routine backup finished.
2026-06-09 07:00:58.414309,ERROR,[LEGACY-SRV-01] API timeout after 30s.
2026-06-09 07:01:47.414309,WARNING,[LEGACY-SRV-01] High memory threshold approaching.
2026-06-09 07:18:17.414309,WARNING,[MAINFRAME-A] Connection pool nearing limit.
2026-06-09 07:19:06.414309,WARNING,[DB-CLUSTER-03] Disk space below 20%.
2026-06-09 07:40:13.414309,ERROR,[LEGACY-SRV-02] Failed to connect to mainframe.
2026-06-09 08:18:54.414309,INFO,[LEGACY-SRV-01] Cache cleared.
2026-06-09 08:25:16.414309,WARNING,[LEGACY-SRV-02] Disk space below 20%.
2026-06-09 08:39:24.414309,CRITICAL,[DB-CLUSTER-03] Security breach attempt blocked.
2026-06-09 08:40:47.414309,INFO,[MAINFRAME-A] Cache cleared.
2026-06-09 08:48:42.414309,INFO,[LEGACY-SRV-02] User login authenticated.
2026-06-09 09:19:34.414309,CRITICAL,[LEGACY-SRV-01] Database cluster failover initiated.
2026-06-09 09:30:49.414309,INFO,[MAINFRAME-A] Routine backup finished.
2026-06-09 09:49:03.414309,ERROR,[DB-CLUSTER-03] Transaction rollback triggered.
2026-06-09 10:30:10.414309,INFO,[LEGACY-SRV-01] Cache cleared.
2026-06-09 11:42:43.414309,WARNING,[LEGACY-SRV-02] High memory threshold approaching.
2026-06-09 11:45:23.414309,INFO,[DB-CLUSTER-03] User login authenticated.
2026-06-09 11:56:40.414309,INFO,[LEGACY-SRV-02] User login authenticated.
2026-06-09 12:10:12.414309,ERROR,[DB-CLUSTER-03] File lock contention detected.
2026-06-09 12:37:47.414309,ERROR,[LEGACY-SRV-02] Failed to connect to mainframe.
2026-06-09 12:44:34.414309,INFO,[LEGACY-SRV-02] User login authenticated.
2026-06-09 12:45:44.414309,INFO,[LEGACY-SRV-02] Cache cleared.
2026-06-09 12:52:23.414309,INFO,[LEGACY-SRV-01] Batch job completed successfully.
2026-06-09 12:53:36.414309,WARNING,[MAINFRAME-A] Disk space below 20%.
2026-06-09 13:37:37.414309,ERROR,[DB-CLUSTER-03] File lock contention detected.
2026-06-09 13:47:40.414309,INFO,[DB-CLUSTER-03] Routine backup finished.
2026-06-09 14:25:33.414309,INFO,[LEGACY-SRV-02] Batch job completed successfully.
2026-06-09 14:26:55.414309,INFO,[DB-CLUSTER-03] Cache cleared.
2026-06-09 14:45:42.414309,WARNING,[DB-CLUSTER-03] Slow query detected in legacy DB.
2026-06-09 14:46:16.414309,WARNING,[MAINFRAME-A] Connection pool nearing limit.
2026-06-09 15:01:35.414309,INFO,[LEGACY-SRV-01] Cache cleared.
2026-06-09 15:23:47.414309,INFO,[DB-CLUSTER-03] User login authenticated.
2026-06-09 16:44:56.414309,INFO,[LEGACY-SRV-01] Routine backup finished.
2026-06-09 16:48:34.414309,INFO,[LEGACY-SRV-02] Batch job completed successfully.
2026-06-09 16:54:11.414309,INFO,[DB-CLUSTER-03] Batch job completed successfully.
2026-06-09 17:13:51.414309,ERROR,[MAINFRAME-A] File lock contention detected.
2026-06-09 17:24:47.414309,INFO,[DB-CLUSTER-03] Batch job completed successfully.
2026-06-09 18:29:28.414309,INFO,[MAINFRAME-A] Routine backup finished.
2026-06-09 18:53:02.414309,WARNING,[DB-CLUSTER-03] Connection pool nearing limit.
2026-06-09 19:23:40.414309,INFO,[DB-CLUSTER-03] Routine backup finished.
2026-06-09 19:31:30.414309,INFO,[DB-CLUSTER-03] User login authenticated.
2026-06-09 19:43:42.414309,ERROR,[LEGACY-SRV-01] File lock contention detected.
2026-06-09 19:43:46.414309,INFO,[MAINFRAME-A] User login authenticated.
2026-06-09 20:21:17.414309,INFO,[DB-CLUSTER-03] Cache cleared.
2026-06-09 20:21:43.414309,INFO,[DB-CLUSTER-03] User login authenticated.
2026-06-09 20:22:51.414309,INFO,[DB-CLUSTER-03] Batch job completed successfully.
2026-06-09 21:58:07.414309,WARNING,[LEGACY-SRV-02] High memory threshold approaching.
2026-06-09 22:09:13.414309,INFO,[LEGACY-SRV-02] Routine backup finished.
2026-06-09 22:40:33.414309,INFO,[LEGACY-SRV-02] Routine backup finished.
2026-06-09 22:54:36.414309,INFO,[DB-CLUSTER-03] Routine backup finished.
2026-06-09 22:57:58.414309,INFO,[LEGACY-SRV-01] Cache cleared.
2026-06-09 23:28:32.414309,INFO,[DB-CLUSTER-03] User login authenticated.
2026-06-10 00:43:49.414309,WARNING,[MAINFRAME-A] Slow query detected in legacy DB.
2026-06-10 02:43:35.414309,INFO,[LEGACY-SRV-01] Batch job completed successfully.
2026-06-10 02:48:52.414309,ERROR,[MAINFRAME-A] Transaction rollback triggered.
2026-06-10 02:51:06.414309,WARNING,[DB-CLUSTER-03] Slow query detected in legacy DB.
2026-06-10 03:53:21.414309,INFO,[LEGACY-SRV-01] Cache cleared.
2026-06-10 03:59:00.414309,WARNING,[MAINFRAME-A] Slow query detected in legacy DB.
2026-06-10 04:22:23.414309,INFO,[LEGACY-SRV-01] User login authenticated.
2026-06-10 04:44:10.414309,INFO,[MAINFRAME-A] Routine backup finished.
2026-06-10 05:20:24.414309,INFO,[LEGACY-SRV-01] Batch job completed successfully.
2026-06-10 05:31:17.414309,INFO,[LEGACY-SRV-01] Batch job completed successfully.
2026-06-10 05:37:45.414309,INFO,[LEGACY-SRV-02] User login authenticated.
2026-06-10 05:54:47.414309,WARNING,[MAINFRAME-A] Slow query detected in legacy DB.
2026-06-10 06:14:46.414309,INFO,[MAINFRAME-A] User login authenticated.
2026-06-10 06:25:08.414309,INFO,[DB-CLUSTER-03] User login authenticated.
2026-06-10 06:38:17.414309,INFO,[LEGACY-SRV-01] Routine backup finished.
2026-06-10 06:39:05.414309,INFO,[LEGACY-SRV-01] Batch job completed successfully.
2026-06-10 06:51:13.414309,INFO,[DB-CLUSTER-03] Routine backup finished.
2026-06-10 06:51:22.414309,INFO,[LEGACY-SRV-02] Routine backup finished.
2026-06-10 06:54:06.414309,INFO,[LEGACY-SRV-02] Routine backup finished.
2026-06-10 07:19:32.414309,INFO,[DB-CLUSTER-03] Cache cleared.
2026-06-10 07:28:15.414309,INFO,[LEGACY-SRV-02] Routine backup finished.
2026-06-10 07:51:53.414309,INFO,[MAINFRAME-A] User login authenticated.
2026-06-10 07:57:09.414309,INFO,[DB-CLUSTER-03] Routine backup finished.
2026-06-10 08:32:41.414309,INFO,[LEGACY-SRV-01] User login authenticated.
2026-06-10 08:32:48.414309,WARNING,[MAINFRAME-A] Disk space below 20%.
2026-06-10 09:20:22.414309,INFO,[LEGACY-SRV-02] User login authenticated.
2026-06-10 09:52:28.414309,INFO,[LEGACY-SRV-01] User login authenticated.
2026-06-10 10:21:35.414309,INFO,[DB-CLUSTER-03] User login authenticated.
2026-06-10 10:21:53.414309,INFO,[DB-CLUSTER-03] User login authenticated.
2026-06-10 10:28:01.414309,ERROR,[DB-CLUSTER-03] API timeout after 30s.
2026-06-10 10:40:07.414309,WARNING,[DB-CLUSTER-03] High memory threshold approaching.
2026-06-10 10:48:20.414309,WARNING,[LEGACY-SRV-01] Disk space below 20%.
2026-06-10 10:50:05.414309,INFO,[LEGACY-SRV-02] User login authenticated.
2026-06-10 10:50:27.414309,INFO,[MAINFRAME-A] Cache cleared.
2026-06-10 11:01:36.414309,INFO,[LEGACY-SRV-02] Batch job completed successfully.
2026-06-10 11:42:06.414309,ERROR,[DB-CLUSTER-03] Transaction rollback triggered.
2026-06-10 12:02:36.414309,INFO,[MAINFRAME-A] Routine backup finished.
2026-06-10 13:13:15.414309,INFO,[LEGACY-SRV-01] Routine backup finished.
2026-06-10 13:22:45.414309,ERROR,[MAINFRAME-A] Transaction rollback triggered.
2026-06-10 14:05:13.414309,INFO,[MAINFRAME-A] Cache cleared.
2026-06-10 14:32:04.414309,INFO,[DB-CLUSTER-03] Routine backup finished.
2026-06-10 15:31:48.414309,WARNING,[MAINFRAME-A] High memory threshold approaching.
2026-06-10 16:47:31.414309,INFO,[LEGACY-SRV-01] Batch job completed successfully.
2026-06-10 17:32:40.414309,INFO,[MAINFRAME-A] Cache cleared.
2026-06-10 17:32:50.414309,INFO,[LEGACY-SRV-02] User login authenticated.
2026-06-10 17:36:22.414309,WARNING,[DB-CLUSTER-03] High memory threshold approaching.
2026-06-10 18:35:48.414309,INFO,[LEGACY-SRV-01] Batch job completed successfully.
2026-06-10 19:09:50.414309,ERROR,[MAINFRAME-A] Transaction rollback triggered.
2026-06-10 19:40:16.414309,WARNING,[MAINFRAME-A] Disk space below 20%.
2026-06-10 19:46:21.414309,ERROR,[LEGACY-SRV-02] File lock contention detected.
2026-06-10 20:06:47.414309,INFO,[LEGACY-SRV-01] Cache cleared.
2026-06-10 20:58:19.414309,INFO,[DB-CLUSTER-03] Cache cleared.
2026-06-10 21:34:36.414309,INFO,[DB-CLUSTER-03] Cache cleared.
2026-06-10 22:22:06.414309,INFO,[MAINFRAME-A] Batch job completed successfully.
2026-06-10 22:43:56.414309,INFO,[DB-CLUSTER-03] Cache cleared.
2026-06-10 22:56:43.414309,INFO,[LEGACY-SRV-01] User login authenticated.
2026-06-10 23:42:24.414309,INFO,[MAINFRAME-A] Cache cleared.
2026-06-11 00:10:59.414309,WARNING,[DB-CLUSTER-03] Slow query detected in legacy DB.
2026-06-11 00:22:59.414309,ERROR,[LEGACY-SRV-01] Transaction rollback triggered.
2026-06-11 00:52:20.414309,INFO,[DB-CLUSTER-03] Routine backup finished.
2026-06-11 01:05:21.414309,ERROR,[MAINFRAME-A] Failed to connect to mainframe.
2026-06-11 01:07:47.414309,INFO,[LEGACY-SRV-02] Routine backup finished.
2026-06-11 01:10:28.414309,ERROR,[LEGACY-SRV-01] Failed to connect to mainframe.
2026-06-11 02:15:27.414309,INFO,[MAINFRAME-A] Cache cleared.
2026-06-11 03:00:08.414309,INFO,[LEGACY-SRV-01] Routine backup finished.
2026-06-11 03:00:35.414309,INFO,[LEGACY-SRV-01] Batch job completed successfully.
2026-06-11 03:06:50.414309,INFO,[DB-CLUSTER-03] Cache cleared.
2026-06-11 03:06:56.414309,ERROR,[LEGACY-SRV-01] Failed to connect to mainframe.
2026-06-11 03:38:32.414309,INFO,[LEGACY-SRV-02] Cache cleared.
2026-06-11 03:58:38.414309,WARNING,[MAINFRAME-A] Disk space below 20%.
2026-06-11 04:44:43.414309,INFO,[LEGACY-SRV-02] Batch job completed successfully.
2026-06-11 05:37:21.414309,INFO,[DB-CLUSTER-03] Cache cleared.
2026-06-11 06:49:09.414309,INFO,[LEGACY-SRV-02] Routine backup finished.
2026-06-11 07:01:36.414309,INFO,[MAINFRAME-A] Routine backup finished.
2026-06-11 07:54:04.414309,WARNING,[DB-CLUSTER-03] Slow query detected in legacy DB.
2026-06-11 08:39:54.414309,INFO,[MAINFRAME-A] User login authenticated.
2026-06-11 09:14:27.414309,INFO,[DB-CLUSTER-03] Routine backup finished.
2026-06-11 09:41:17.414309,INFO,[LEGACY-SRV-02] Batch job completed successfully.
2026-06-11 10:17:01.414309,INFO,[LEGACY-SRV-01] Cache cleared.
2026-06-11 10:39:11.414309,INFO,[LEGACY-SRV-01] User login authenticated.
2026-06-11 10:39:40.414309,ERROR,[LEGACY-SRV-02] Failed to connect to mainframe.
2026-06-11 10:45:09.414309,CRITICAL,[MAINFRAME-A] System unresponsive. Manual intervention required.
2026-06-11 11:19:35.414309,INFO,[MAINFRAME-A] Routine backup finished.
2026-06-11 12:05:22.414309,INFO,[MAINFRAME-A] Routine backup finished.
2026-06-11 12:20:08.414309,INFO,[LEGACY-SRV-01] User login authenticated.
2026-06-11 12:24:35.414309,INFO,[LEGACY-SRV-02] Cache cleared.
2026-06-11 12:29:23.414309,WARNING,[MAINFRAME-A] Connection pool nearing limit.
2026-06-11 12:30:59.414309,ERROR,[LEGACY-SRV-01] Failed to connect to mainframe.
2026-06-11 12:42:03.414309,CRITICAL,[LEGACY-SRV-02] System unresponsive. Manual intervention required.
2026-06-11 12:56:30.414309,INFO,[MAINFRAME-A] Cache cleared.
2026-06-11 13:05:28.414309,INFO,[LEGACY-SRV-01] Cache cleared.
2026-06-11 13:39:01.414309,WARNING,[LEGACY-SRV-01] Connection pool nearing limit.
2026-06-11 13:42:18.414309,INFO,[LEGACY-SRV-02] User login authenticated.
2026-06-11 13:56:11.414309,INFO,[LEGACY-SRV-01] Routine backup finished.
2026-06-11 14:04:58.414309,INFO,[LEGACY-SRV-02] Batch job completed successfully.
2026-06-11 14:10:36.414309,INFO,[LEGACY-SRV-02] Cache cleared.
2026-06-11 14:22:31.414309,WARNING,[DB-CLUSTER-03] Slow query detected in legacy DB.
2026-06-11 14:37:32.414309,WARNING,[MAINFRAME-A] Disk space below 20%.
2026-06-11 15:26:28.414309,INFO,[LEGACY-SRV-01] Routine backup finished.
2026-06-11 15:46:15.414309,CRITICAL,[LEGACY-SRV-01] Core dump generated.
2026-06-11 16:05:17.414309,INFO,[LEGACY-SRV-01] Cache cleared.
2026-06-11 16:07:53.414309,INFO,[LEGACY-SRV-02] Routine backup finished.
2026-06-11 16:08:53.414309,INFO,[LEGACY-SRV-01] Cache cleared.
2026-06-11 16:09:50.414309,CRITICAL,[LEGACY-SRV-01] Security breach attempt blocked.
2026-06-11 17:33:09.414309,INFO,[LEGACY-SRV-01] Routine backup finished.
2026-06-11 17:47:15.414309,INFO,[LEGACY-SRV-01] Batch job completed successfully.
2026-06-11 18:22:18.414309,INFO,[LEGACY-SRV-01] Routine backup finished.
2026-06-11 18:30:25.414309,INFO,[MAINFRAME-A] Routine backup finished.
2026-06-11 18:53:17.414309,INFO,[LEGACY-SRV-01] Routine backup finished.
2026-06-11 18:53:52.414309,INFO,[LEGACY-SRV-01] Batch job completed successfully.
2026-06-11 18:57:13.414309,INFO,[LEGACY-SRV-01] Batch job completed successfully.
2026-06-11 19:18:32.414309,INFO,[LEGACY-SRV-02] Cache cleared.
2026-06-11 19:27:14.414309,INFO,[LEGACY-SRV-01] Cache cleared.
2026-06-11 19:32:01.414309,INFO,[LEGACY-SRV-01] User login authenticated.
2026-06-11 20:34:24.414309,INFO,[MAINFRAME-A] Batch job completed successfully.
2026-06-11 20:35:13.414309,WARNING,[DB-CLUSTER-03] Connection pool nearing limit.
2026-06-11 20:44:06.414309,CRITICAL,[MAINFRAME-A] Security breach attempt blocked.
2026-06-11 22:18:23.414309,WARNING,[LEGACY-SRV-01] Slow query detected in legacy DB.
2026-06-11 22:31:33.414309,ERROR,[LEGACY-SRV-01] File lock contention detected.
2026-06-11 22:32:41.414309,INFO,[MAINFRAME-A] Cache cleared.
2026-06-11 22:51:04.414309,INFO,[LEGACY-SRV-01] Batch job completed successfully.
2026-06-11 23:15:22.414309,INFO,[LEGACY-SRV-02] Batch job completed successfully.
2026-06-11 23:16:20.414309,WARNING,[MAINFRAME-A] Disk space below 20%.
2026-06-11 23:19:09.414309,ERROR,[LEGACY-SRV-01] Transaction rollback triggered.
2026-06-11 23:30:30.414309,INFO,[DB-CLUSTER-03] Routine backup finished.
2026-06-12 00:42:56.414309,ERROR,[LEGACY-SRV-02] Failed to connect to mainframe.
2026-06-12 00:48:05.414309,INFO,[LEGACY-SRV-02] Batch job completed successfully.
2026-06-12 00:51:45.414309,INFO,[DB-CLUSTER-03] Batch job completed successfully.
2026-06-12 01:45:18.414309,INFO,[MAINFRAME-A] Batch job completed successfully.
2026-06-12 02:51:46.414309,INFO,[LEGACY-SRV-02] Batch job completed successfully.
2026-06-12 04:11:07.414309,WARNING,[DB-CLUSTER-03] Slow query detected in legacy DB.
2026-06-12 04:27:02.414309,INFO,[DB-CLUSTER-03] Batch job completed successfully.
2026-06-12 04:36:37.414309,INFO,[LEGACY-SRV-02] Cache cleared.
2026-06-12 04:41:04.414309,INFO,[MAINFRAME-A] Cache cleared.
2026-06-12 05:04:36.414309,WARNING,[LEGACY-SRV-02] Disk space below 20%.
2026-06-12 05:08:32.414309,INFO,[DB-CLUSTER-03] Batch job completed successfully.
2026-06-12 05:14:10.414309,INFO,[LEGACY-SRV-01] Routine backup finished.
2026-06-12 05:48:37.414309,WARNING,[LEGACY-SRV-01] Connection pool nearing limit.
2026-06-12 07:15:53.414309,INFO,[LEGACY-SRV-01] Batch job completed successfully.
2026-06-12 08:27:47.414309,WARNING,[LEGACY-SRV-01] High memory threshold approaching.
2026-06-12 08:43:37.414309,ERROR,[MAINFRAME-A] File lock contention detected.
2026-06-12 09:04:57.414309,INFO,[DB-CLUSTER-03] Batch job completed successfully.
2026-06-12 09:19:59.414309,INFO,[DB-CLUSTER-03] Routine backup finished.
2026-06-12 09:49:57.414309,INFO,[LEGACY-SRV-01] Cache cleared.
2026-06-12 09:55:18.414309,WARNING,[LEGACY-SRV-02] High memory threshold approaching.
2026-06-12 11:09:53.414309,INFO,[LEGACY-SRV-01] User login authenticated.
2026-06-12 11:28:11.414309,CRITICAL,[DB-CLUSTER-03] Security breach attempt blocked.
2026-06-12 11:36:14.414309,ERROR,[MAINFRAME-A] API timeout after 30s.
2026-06-12 11:49:38.414309,INFO,[LEGACY-SRV-01] Cache cleared.
2026-06-12 11:51:37.414309,INFO,[LEGACY-SRV-01] Batch job completed successfully.
2026-06-12 12:08:47.414309,INFO,[LEGACY-SRV-01] Routine backup finished.
2026-06-12 12:10:34.414309,INFO,[LEGACY-SRV-01] Routine backup finished.
2026-06-12 12:21:53.414309,CRITICAL,[MAINFRAME-A] Security breach attempt blocked.
2026-06-12 12:30:45.414309,INFO,[LEGACY-SRV-01] User login authenticated.
2026-06-12 12:40:11.414309,WARNING,[LEGACY-SRV-01] Disk space below 20%.
2026-06-12 12:41:51.414309,INFO,[MAINFRAME-A] User login authenticated.
2026-06-12 13:13:15.414309,ERROR,[LEGACY-SRV-02] Transaction rollback triggered.
2026-06-12 13:26:10.414309,ERROR,[MAINFRAME-A] File lock contention detected.
2026-06-12 13:38:40.414309,INFO,[DB-CLUSTER-03] Routine backup finished.
2026-06-12 14:07:22.414309,WARNING,[LEGACY-SRV-01] Connection pool nearing limit.
2026-06-12 14:21:29.414309,WARNING,[DB-CLUSTER-03] Disk space below 20%.
2026-06-12 14:30:15.414309,WARNING,[MAINFRAME-A] Disk space below 20%.
2026-06-12 14:31:08.414309,ERROR,[DB-CLUSTER-03] File lock contention detected.
2026-06-12 14:42:53.414309,INFO,[DB-CLUSTER-03] User login authenticated.
2026-06-12 14:46:05.414309,INFO,[MAINFRAME-A] Cache cleared.
2026-06-12 14:46:05.414309,INFO,[DB-CLUSTER-03] User login authenticated.
2026-06-12 15:09:35.414309,INFO,[DB-CLUSTER-03] User login authenticated.
2026-06-12 15:40:01.414309,INFO,[LEGACY-SRV-01] Batch job completed successfully.
2026-06-12 15:44:56.414309,ERROR,[LEGACY-SRV-02] Transaction rollback triggered.
2026-06-12 16:12:14.414309,WARNING,[DB-CLUSTER-03] Slow query detected in legacy DB.
2026-06-12 16:20:30.414309,INFO,[MAINFRAME-A] Batch job completed successfully.
2026-06-12 17:15:45.414309,CRITICAL,[LEGACY-SRV-01] Database cluster failover initiated.
2026-06-12 18:14:14.414309,INFO,[DB-CLUSTER-03] Cache cleared.
2026-06-12 18:56:43.414309,INFO,[MAINFRAME-A] Batch job completed successfully.
2026-06-12 19:39:22.414309,INFO,[LEGACY-SRV-01] User login authenticated.
2026-06-12 19:59:58.414309,ERROR,[LEGACY-SRV-01] API timeout after 30s.
2026-06-12 20:20:56.414309,ERROR,[MAINFRAME-A] Transaction rollback triggered.
2026-06-12 20:21:22.414309,INFO,[MAINFRAME-A] Batch job completed successfully.
2026-06-12 20:21:55.414309,WARNING,[LEGACY-SRV-02] Slow query detected in legacy DB.
2026-06-12 20:31:17.414309,ERROR,[LEGACY-SRV-02] Transaction rollback triggered.
2026-06-12 21:22:18.414309,INFO,[DB-CLUSTER-03] Routine backup finished.
2026-06-12 22:19:59.414309,WARNING,[LEGACY-SRV-01] Disk space below 20%.
2026-06-12 22:23:30.414309,INFO,[MAINFRAME-A] User login authenticated.
2026-06-12 22:23:31.414309,INFO,[LEGACY-SRV-01] Batch job completed successfully.
2026-06-12 22:43:13.414309,INFO,[LEGACY-SRV-01] Batch job completed successfully.
2026-06-12 23:27:43.414309,WARNING,[MAINFRAME-A] Connection pool nearing limit.
2026-06-12 23:28:36.414309,ERROR,[DB-CLUSTER-03] Transaction rollback triggered.
2026-06-13 00:25:13.414309,ERROR,[LEGACY-SRV-01] File lock contention detected.
2026-06-13 00:56:45.414309,INFO,[MAINFRAME-A] Batch job completed successfully.
2026-06-13 01:08:03.414309,WARNING,[LEGACY-SRV-02] High memory threshold approaching.
2026-06-13 01:30:19.414309,WARNING,[LEGACY-SRV-02] Disk space below 20%.
2026-06-13 01:44:01.414309,WARNING,[LEGACY-SRV-01] Connection pool nearing limit.
2026-06-13 02:08:06.414309,INFO,[LEGACY-SRV-02] Cache cleared.
2026-06-13 02:31:14.414309,INFO,[DB-CLUSTER-03] Routine backup finished.
2026-06-13 02:36:22.414309,INFO,[DB-CLUSTER-03] User login authenticated.
2026-06-13 02:43:31.414309,WARNING,[LEGACY-SRV-01] High memory threshold approaching.
2026-06-13 02:52:29.414309,INFO,[LEGACY-SRV-01] User login authenticated.
2026-06-13 03:19:05.414309,WARNING,[MAINFRAME-A] Slow query detected in legacy DB.
2026-06-13 03:26:55.414309,CRITICAL,[DB-CLUSTER-03] Database cluster failover initiated.
2026-06-13 03:42:03.414309,ERROR,[MAINFRAME-A] Failed to connect to mainframe.
2026-06-13 03:56:56.414309,INFO,[MAINFRAME-A] Cache cleared.
2026-06-13 03:57:39.414309,INFO,[MAINFRAME-A] Cache cleared.
2026-06-13 04:00:11.414309,INFO,[MAINFRAME-A] User login authenticated.
2026-06-13 04:10:03.414309,INFO,[MAINFRAME-A] Cache cleared.
2026-06-13 04:15:04.414309,ERROR,[DB-CLUSTER-03] Transaction rollback triggered.
2026-06-13 04:18:08.414309,INFO,[MAINFRAME-A] Routine backup finished.
2026-06-13 04:33:22.414309,ERROR,[MAINFRAME-A] File lock contention detected.
2026-06-13 04:34:44.414309,CRITICAL,[LEGACY-SRV-01] Security breach attempt blocked.
2026-06-13 05:26:56.414309,INFO,[MAINFRAME-A] User login authenticated.
2026-06-13 05:40:09.414309,WARNING,[MAINFRAME-A] Slow query detected in legacy DB.
2026-06-13 05:59:21.414309,INFO,[LEGACY-SRV-01] Cache cleared.
2026-06-13 06:04:23.414309,ERROR,[LEGACY-SRV-02] File lock contention detected.
2026-06-13 06:04:40.414309,INFO,[DB-CLUSTER-03] User login authenticated.
2026-06-13 07:00:09.414309,WARNING,[MAINFRAME-A] Disk space below 20%.
2026-06-13 07:05:57.414309,INFO,[LEGACY-SRV-01] Routine backup finished.
2026-06-13 07:08:28.414309,INFO,[LEGACY-SRV-01] User login authenticated.
2026-06-13 07:53:45.414309,INFO,[MAINFRAME-A] Routine backup finished.
2026-06-13 08:01:18.414309,INFO,[MAINFRAME-A] Cache cleared.
2026-06-13 08:31:51.414309,INFO,[DB-CLUSTER-03] Cache cleared.
2026-06-13 08:58:41.414309,WARNING,[LEGACY-SRV-01] Connection pool nearing limit.
2026-06-13 09:01:59.414309,ERROR,[MAINFRAME-A] API timeout after 30s.
2026-06-13 09:03:08.414309,CRITICAL,[MAINFRAME-A] Security breach attempt blocked.
2026-06-13 09:34:16.414309,INFO,[DB-CLUSTER-03] Routine backup finished.
2026-06-13 09:49:25.414309,INFO,[DB-CLUSTER-03] User login authenticated.
2026-06-13 10:01:04.414309,WARNING,[LEGACY-SRV-01] High memory threshold approaching.
2026-06-13 10:30:28.414309,WARNING,[LEGACY-SRV-02] Slow query detected in legacy DB.
2026-06-13 11:37:17.414309,WARNING,[LEGACY-SRV-01] Connection pool nearing limit.
2026-06-13 12:29:09.414309,INFO,[DB-CLUSTER-03] Routine backup finished.
2026-06-13 13:02:17.414309,ERROR,[MAINFRAME-A] API timeout after 30s.
2026-06-13 14:34:02.414309,INFO,[LEGACY-SRV-01] Cache cleared.
2026-06-13 15:03:45.414309,WARNING,[DB-CLUSTER-03] Slow query detected in legacy DB.
2026-06-13 15:13:53.414309,WARNING,[LEGACY-SRV-02] Connection pool nearing limit.
2026-06-13 15:53:41.414309,WARNING,[MAINFRAME-A] Connection pool nearing limit.
2026-06-13 16:03:16.414309,INFO,[MAINFRAME-A] Batch job completed successfully.
2026-06-13 16:54:34.414309,INFO,[DB-CLUSTER-03] Batch job completed successfully.
2026-06-13 17:30:24.414309,ERROR,[LEGACY-SRV-02] API timeout after 30s.
2026-06-13 17:44:54.414309,INFO,[MAINFRAME-A] Cache cleared.
2026-06-13 18:13:23.414309,INFO,[LEGACY-SRV-02] Cache cleared.
2026-06-13 18:32:07.414309,ERROR,[DB-CLUSTER-03] Failed to connect to mainframe.
2026-06-13 18:39:31.414309,INFO,[LEGACY-SRV-02] Batch job completed successfully.
2026-06-13 18:56:34.414309,INFO,[LEGACY-SRV-01] User login authenticated.
2026-06-13 19:06:02.414309,INFO,[DB-CLUSTER-03] Batch job completed successfully.
2026-06-13 19:43:22.414309,INFO,[DB-CLUSTER-03] Routine backup finished.
2026-06-13 20:11:48.414309,INFO,[LEGACY-SRV-02] Cache cleared.
2026-06-13 21:02:18.414309,WARNING,[MAINFRAME-A] High memory threshold approaching.
2026-06-13 22:43:58.414309,INFO,[LEGACY-SRV-02] Batch job completed successfully.
2026-06-13 23:34:22.414309,CRITICAL,[LEGACY-SRV-01] Core dump generated.
2026-06-13 23:41:35.414309,CRITICAL,[MAINFRAME-A] Security breach attempt blocked.
2026-06-14 00:11:27.414309,WARNING,[LEGACY-SRV-02] High memory threshold approaching.
2026-06-14 00:31:11.414309,INFO,[DB-CLUSTER-03] Routine backup finished.
2026-06-14 01:01:49.414309,INFO,[DB-CLUSTER-03] Cache cleared.
2026-06-14 01:11:40.414309,ERROR,[LEGACY-SRV-01] Failed to connect to mainframe.
2026-06-14 01:16:53.414309,INFO,[LEGACY-SRV-02] Batch job completed successfully.
2026-06-14 01:17:26.414309,INFO,[LEGACY-SRV-02] Batch job completed successfully.
2026-06-14 01:19:03.414309,INFO,[LEGACY-SRV-01] Batch job completed successfully.
2026-06-14 01:34:35.414309,WARNING,[MAINFRAME-A] High memory threshold approaching.
2026-06-14 02:29:54.414309,INFO,[MAINFRAME-A] Routine backup finished.
2026-06-14 02:31:27.414309,INFO,[LEGACY-SRV-01] Cache cleared.
2026-06-14 03:15:41.414309,WARNING,[LEGACY-SRV-01] Connection pool nearing limit.
2026-06-14 03:36:49.414309,INFO,[DB-CLUSTER-03] Batch job completed successfully.
2026-06-14 03:43:05.414309,WARNING,[MAINFRAME-A] High memory threshold approaching.
2026-06-14 03:48:08.414309,CRITICAL,[MAINFRAME-A] Security breach attempt blocked.
2026-06-14 03:55:07.414309,INFO,[MAINFRAME-A] Routine backup finished.
2026-06-14 04:18:53.414309,WARNING,[DB-CLUSTER-03] Slow query detected in legacy DB.
2026-06-14 04:22:21.414309,WARNING,[LEGACY-SRV-02] Slow query detected in legacy DB.
2026-06-14 04:56:20.414309,INFO,[LEGACY-SRV-01] User login authenticated.
2026-06-14 05:12:39.414309,CRITICAL,[LEGACY-SRV-02] System unresponsive. Manual intervention required.
2026-06-14 05:22:10.414309,ERROR,[DB-CLUSTER-03] Transaction rollback triggered.
2026-06-14 05:37:23.414309,INFO,[MAINFRAME-A] User login authenticated.
2026-06-14 05:49:29.414309,CRITICAL,[DB-CLUSTER-03] Security breach attempt blocked.
2026-06-14 06:24:14.414309,INFO,[LEGACY-SRV-01] User login authenticated.
2026-06-14 06:30:49.414309,INFO,[LEGACY-SRV-01] User login authenticated.
2026-06-14 07:07:20.414309,ERROR,[DB-CLUSTER-03] File lock contention detected.
2026-06-14 07:41:23.414309,WARNING,[LEGACY-SRV-01] Slow query detected in legacy DB.
2026-06-14 07:45:10.414309,WARNING,[LEGACY-SRV-01] Slow query detected in legacy DB.
2026-06-14 08:22:06.414309,INFO,[LEGACY-SRV-02] Routine backup finished.
2026-06-14 08:29:06.414309,WARNING,[LEGACY-SRV-02] High memory threshold approaching.
2026-06-14 08:41:14.414309,INFO,[DB-CLUSTER-03] User login authenticated.
2026-06-14 09:03:58.414309,ERROR,[LEGACY-SRV-01] Transaction rollback triggered.
2026-06-14 09:04:20.414309,ERROR,[LEGACY-SRV-01] Failed to connect to mainframe.
2026-06-14 09:39:08.414309,INFO,[DB-CLUSTER-03] Cache cleared.
2026-06-14 09:57:30.414309,INFO,[DB-CLUSTER-03] Cache cleared.
2026-06-14 10:10:31.414309,INFO,[MAINFRAME-A] Batch job completed successfully.
2026-06-14 10:32:17.414309,ERROR,[DB-CLUSTER-03] Failed to connect to mainframe.
2026-06-14 12:05:19.414309,INFO,[MAINFRAME-A] Cache cleared.
2026-06-14 12:29:28.414309,WARNING,[LEGACY-SRV-01] Connection pool nearing limit.
2026-06-14 12:54:49.414309,ERROR,[MAINFRAME-A] API timeout after 30s.
2026-06-14 13:11:30.414309,WARNING,[MAINFRAME-A] High memory threshold approaching.
2026-06-14 13:17:20.414309,INFO,[LEGACY-SRV-02] Cache cleared.
2026-06-14 13:24:31.414309,INFO,[LEGACY-SRV-01] Cache cleared.
2026-06-14 14:21:16.414309,CRITICAL,[LEGACY-SRV-02] Database cluster failover initiated.
2026-06-14 15:08:33.414309,WARNING,[DB-CLUSTER-03] High memory threshold approaching.
2026-06-14 15:14:24.414309,ERROR,[DB-CLUSTER-03] Transaction rollback triggered.
2026-06-14 15:16:33.414309,INFO,[LEGACY-SRV-01] User login authenticated.
2026-06-14 15:28:40.414309,INFO,[LEGACY-SRV-01] Batch job completed successfully.
2026-06-14 15:35:49.414309,INFO,[MAINFRAME-A] User login authenticated.
2026-06-14 15:48:34.414309,INFO,[LEGACY-SRV-02] Routine backup finished.
2026-06-14 16:09:28.414309,INFO,[MAINFRAME-A] Batch job completed successfully.
2026-06-14 16:14:37.414309,WARNING,[LEGACY-SRV-01] Slow query detected in legacy DB.
2026-06-14 17:02:30.414309,INFO,[MAINFRAME-A] User login authenticated.
2026-06-14 17:32:08.414309,INFO,[DB-CLUSTER-03] User login authenticated.
2026-06-14 18:30:35.414309,INFO,[DB-CLUSTER-03] Batch job completed successfully.
2026-06-14 18:34:15.414309,ERROR,[DB-CLUSTER-03] File lock contention detected.
2026-06-14 18:51:43.414309,ERROR,[LEGACY-SRV-01] File lock contention detected.
2026-06-14 19:05:03.414309,ERROR,[LEGACY-SRV-02] Failed to connect to mainframe.
2026-06-14 19:05:56.414309,ERROR,[LEGACY-SRV-01] File lock contention detected.
2026-06-14 19:21:06.414309,INFO,[MAINFRAME-A] Routine backup finished.
2026-06-14 19:24:13.414309,WARNING,[MAINFRAME-A] Disk space below 20%.
2026-06-14 19:35:09.414309,WARNING,[LEGACY-SRV-02] Connection pool nearing limit.
2026-06-14 19:37:55.414309,INFO,[LEGACY-SRV-02] Batch job completed successfully.
2026-06-14 19:54:05.414309,WARNING,[MAINFRAME-A] Disk space below 20%.
2026-06-14 19:55:52.414309,INFO,[LEGACY-SRV-01] Cache cleared.
2026-06-14 20:11:15.414309,INFO,[DB-CLUSTER-03] Cache cleared.
2026-06-14 20:42:50.414309,INFO,[MAINFRAME-A] User login authenticated.
2026-06-14 20:46:05.414309,WARNING,[MAINFRAME-A] Connection pool nearing limit.
2026-06-14 21:59:13.414309,WARNING,[LEGACY-SRV-02] High memory threshold approaching.
2026-06-14 21:59:41.414309,INFO,[LEGACY-SRV-01] Cache cleared.
2026-06-14 22:03:33.414309,ERROR,[DB-CLUSTER-03] Failed to connect to mainframe.
2026-06-14 22:29:02.414309,INFO,[DB-CLUSTER-03] Cache cleared.
2026-06-14 22:49:42.414309,ERROR,[LEGACY-SRV-01] Failed to connect to mainframe.
2026-06-14 22:57:15.414309,ERROR,[LEGACY-SRV-01] Transaction rollback triggered.
2026-06-14 23:00:42.414309,INFO,[LEGACY-SRV-02] Batch job completed successfully.
2026-06-14 23:38:40.414309,INFO,[MAINFRAME-A] Cache cleared.
2026-06-15 00:00:54.414309,ERROR,[LEGACY-SRV-02] File lock contention detected.
2026-06-15 00:48:18.414309,WARNING,[MAINFRAME-A] Connection pool nearing limit.
2026-06-15 00:53:04.414309,INFO,[LEGACY-SRV-02] Routine backup finished.
2026-06-15 00:59:03.414309,ERROR,[MAINFRAME-A] API timeout after 30s.
2026-06-15 01:10:15.414309,ERROR,[LEGACY-SRV-02] Failed to connect to mainframe.
2026-06-15 01:14:54.414309,WARNING,[MAINFRAME-A] Connection pool nearing limit.
2026-06-15 01:25:00.414309,INFO,[LEGACY-SRV-02] Batch job completed successfully.
2026-06-15 01:38:56.414309,INFO,[DB-CLUSTER-03] Routine backup finished.
2026-06-15 01:56:28.414309,INFO,[LEGACY-SRV-01] Cache cleared.
2026-06-15 02:04:03.414309,ERROR,[LEGACY-SRV-02] Transaction rollback triggered.
2026-06-15 02:07:26.414309,INFO,[MAINFRAME-A] Cache cleared.
2026-06-15 02:10:55.414309,ERROR,[LEGACY-SRV-01] API timeout after 30s.
2026-06-15 02:12:34.414309,WARNING,[DB-CLUSTER-03] Slow query detected in legacy DB.
2026-06-15 02:19:40.414309,INFO,[LEGACY-SRV-02] Routine backup finished.
2026-06-15 02:43:16.414309,INFO,[LEGACY-SRV-01] User login authenticated.
2026-06-15 02:49:12.414309,INFO,[LEGACY-SRV-01] Routine backup finished.
2026-06-15 02:57:50.414309,WARNING,[MAINFRAME-A] Connection pool nearing limit.
2026-06-15 03:16:31.414309,INFO,[MAINFRAME-A] User login authenticated.
2026-06-15 03:30:26.414309,INFO,[MAINFRAME-A] User login authenticated.
2026-06-15 04:46:38.414309,INFO,[LEGACY-SRV-02] User login authenticated.
2026-06-15 05:02:16.414309,INFO,[DB-CLUSTER-03] Routine backup finished.
2026-06-15 05:16:00.414309,INFO,[LEGACY-SRV-02] Batch job completed successfully.
2026-06-15 05:36:33.414309,INFO,[LEGACY-SRV-02] Cache cleared.
2026-06-15 06:01:21.414309,INFO,[DB-CLUSTER-03] Routine backup finished.
2026-06-15 06:24:11.414309,ERROR,[DB-CLUSTER-03] API timeout after 30s.
2026-06-15 06:44:39.414309,INFO,[DB-CLUSTER-03] Cache cleared.
2026-06-15 08:05:26.414309,WARNING,[MAINFRAME-A] High memory threshold approaching.
2026-06-15 08:39:25.414309,CRITICAL,[LEGACY-SRV-02] Core dump generated.
2026-06-15 09:01:43.414309,INFO,[LEGACY-SRV-01] Routine backup finished.
2026-06-15 09:07:00.414309,ERROR,[LEGACY-SRV-02] File lock contention detected.
2026-06-15 09:20:25.414309,ERROR,[LEGACY-SRV-01] Transaction rollback triggered.
2026-06-15 09:45:42.414309,INFO,[LEGACY-SRV-02] Cache cleared.
2026-06-15 10:06:04.414309,INFO,[LEGACY-SRV-02] Cache cleared.
2026-06-15 10:07:01.414309,INFO,[DB-CLUSTER-03] Cache cleared.
2026-06-15 10:09:29.414309,ERROR,[DB-CLUSTER-03] Failed to connect to mainframe.
2026-06-15 10:47:32.414309,INFO,[MAINFRAME-A] User login authenticated.
2026-06-15 11:07:29.414309,CRITICAL,[MAINFRAME-A] Security breach attempt blocked.
2026-06-15 11:07:48.414309,INFO,[LEGACY-SRV-01] Batch job completed successfully.
2026-06-15 11:18:39.414309,WARNING,[DB-CLUSTER-03] Slow query detected in legacy DB.
2026-06-15 12:15:03.414309,ERROR,[DB-CLUSTER-03] Failed to connect to mainframe.
2026-06-15 13:19:26.414309,CRITICAL,[DB-CLUSTER-03] Database cluster failover initiated.
2026-06-15 13:21:06.414309,INFO,[DB-CLUSTER-03] Cache cleared.
2026-06-15 14:17:50.414309,INFO,[LEGACY-SRV-02] Cache cleared.
2026-06-15 14:42:37.414309,CRITICAL,[LEGACY-SRV-02] Core dump generated.
2026-06-15 14:54:23.414309,INFO,[LEGACY-SRV-01] User login authenticated.
2026-06-15 15:16:36.414309,INFO,[MAINFRAME-A] User login authenticated.
2026-06-15 15:21:34.414309,INFO,[MAINFRAME-A] Routine backup finished.
2026-06-15 15:38:52.414309,INFO,[LEGACY-SRV-02] User login authenticated.
2026-06-15 15:56:18.414309,ERROR,[LEGACY-SRV-01] API timeout after 30s.
2026-06-15 16:22:34.414309,WARNING,[LEGACY-SRV-01] Connection pool nearing limit.
2026-06-15 16:22:50.414309,INFO,[MAINFRAME-A] Routine backup finished.
2026-06-15 16:59:59.414309,ERROR,[MAINFRAME-A] Failed to connect to mainframe.
2026-06-15 17:34:02.414309,ERROR,[MAINFRAME-A] API timeout after 30s.
2026-06-15 18:06:49.414309,WARNING,[LEGACY-SRV-02] High memory threshold approaching.
2026-06-15 18:18:21.414309,INFO,[MAINFRAME-A] Cache cleared.
2026-06-15 18:21:53.414309,INFO,[MAINFRAME-A] Cache cleared.
2026-06-15 18:30:44.414309,INFO,[LEGACY-SRV-02] Batch job completed successfully.
2026-06-15 18:32:19.414309,INFO,[LEGACY-SRV-01] Routine backup finished.
2026-06-15 19:11:23.414309,CRITICAL,[LEGACY-SRV-02] System unresponsive. Manual intervention required.
2026-06-15 19:46:34.414309,INFO,[LEGACY-SRV-01] User login authenticated.
2026-06-15 20:04:53.414309,INFO,[DB-CLUSTER-03] Cache cleared.
2026-06-15 20:05:25.414309,INFO,[MAINFRAME-A] User login authenticated.
2026-06-15 20:07:15.414309,ERROR,[LEGACY-SRV-01] File lock contention detected.
2026-06-15 20:07:31.414309,INFO,[MAINFRAME-A] Cache cleared.
2026-06-15 20:28:50.414309,INFO,[MAINFRAME-A] Batch job completed successfully.
2026-06-15 20:32:35.414309,INFO,[LEGACY-SRV-02] Routine backup finished.
2026-06-15 20:36:35.414309,WARNING,[LEGACY-SRV-02] High memory threshold approaching.
2026-06-15 20:42:07.414309,INFO,[MAINFRAME-A] User login authenticated.
2026-06-15 21:04:47.414309,INFO,[LEGACY-SRV-01] Routine backup finished.
2026-06-15 21:30:41.414309,WARNING,[LEGACY-SRV-01] Disk space below 20%.
2026-06-15 21:43:27.414309,INFO,[LEGACY-SRV-02] Batch job completed successfully.
2026-06-15 22:33:30.414309,INFO,[DB-CLUSTER-03] User login authenticated.
2026-06-15 22:34:00.414309,INFO,[LEGACY-SRV-02] Routine backup finished.
2026-06-15 23:02:28.414309,WARNING,[DB-CLUSTER-03] Connection pool nearing limit.
2026-06-15 23:24:59.414309,INFO,[MAINFRAME-A] User login authenticated.
2026-06-15 23:29:23.414309,WARNING,[DB-CLUSTER-03] Disk space below 20%.
2026-06-15 23:32:30.414309,WARNING,[MAINFRAME-A] Disk space below 20%.
2026-06-15 23:37:21.414309,INFO,[DB-CLUSTER-03] Cache cleared.
2026-06-16 00:00:12.414309,INFO,[MAINFRAME-A] Routine backup finished.
2026-06-16 01:17:54.414309,INFO,[MAINFRAME-A] Cache cleared.
2026-06-16 01:39:18.414309,INFO,[DB-CLUSTER-03] Batch job completed successfully.
2026-06-16 01:41:07.414309,INFO,[DB-CLUSTER-03] Cache cleared.
2026-06-16 01:58:03.414309,WARNING,[DB-CLUSTER-03] High memory threshold approaching.
2026-06-16 02:20:53.414309,INFO,[DB-CLUSTER-03] Cache cleared.
2026-06-16 02:28:59.414309,ERROR,[LEGACY-SRV-02] Failed to connect to mainframe.
2026-06-16 02:41:40.414309,WARNING,[MAINFRAME-A] Disk space below 20%.
2026-06-16 02:46:41.414309,WARNING,[LEGACY-SRV-01] Disk space below 20%.
2026-06-16 03:02:49.414309,WARNING,[LEGACY-SRV-02] Slow query detected in legacy DB.
2026-06-16 03:08:37.414309,ERROR,[LEGACY-SRV-01] Transaction rollback triggered.
2026-06-16 03:12:18.414309,INFO,[MAINFRAME-A] Routine backup finished.
2026-06-16 03:45:18.414309,WARNING,[LEGACY-SRV-02] Connection pool nearing limit.
2026-06-16 03:47:54.414309,INFO,[LEGACY-SRV-01] Cache cleared.
2026-06-16 03:54:16.414309,ERROR,[DB-CLUSTER-03] Transaction rollback triggered.
2026-06-16 04:32:20.414309,ERROR,[LEGACY-SRV-02] File lock contention detected.
2026-06-16 04:54:55.414309,WARNING,[DB-CLUSTER-03] High memory threshold approaching.
2026-06-16 05:14:34.414309,INFO,[DB-CLUSTER-03] Routine backup finished.
2026-06-16 05:53:48.414309,INFO,[LEGACY-SRV-02] Cache cleared.
2026-06-16 06:06:35.414309,INFO,[DB-CLUSTER-03] User login authenticated.
2026-06-16 06:10:12.414309,INFO,[LEGACY-SRV-01] Batch job completed successfully.
2026-06-16 06:11:18.414309,INFO,[LEGACY-SRV-01] User login authenticated.
2026-06-16 06:21:50.414309,CRITICAL,[DB-CLUSTER-03] Database cluster failover initiated.
2026-06-16 06:32:27.414309,INFO,[DB-CLUSTER-03] Routine backup finished.
2026-06-16 06:52:04.414309,INFO,[LEGACY-SRV-02] Routine backup finished.
2026-06-16 07:00:56.414309,INFO,[MAINFRAME-A] Routine backup finished.
2026-06-16 07:18:47.414309,INFO,[DB-CLUSTER-03] Cache cleared.
2026-06-16 08:15:01.414309,INFO,[MAINFRAME-A] User login authenticated.
2026-06-16 09:02:02.414309,CRITICAL,[DB-CLUSTER-03] Core dump generated.
2026-06-16 09:34:45.414309,CRITICAL,[LEGACY-SRV-02] Core dump generated.
2026-06-16 09:47:34.414309,INFO,[LEGACY-SRV-02] Routine backup finished.
2026-06-16 09:56:14.414309,INFO,[LEGACY-SRV-01] User login authenticated.
2026-06-16 11:01:48.414309,ERROR,[MAINFRAME-A] API timeout after 30s.
2026-06-16 11:05:49.414309,INFO,[MAINFRAME-A] Batch job completed successfully.
2026-06-16 11:06:10.414309,INFO,[DB-CLUSTER-03] Cache cleared.
2026-06-16 11:31:31.414309,INFO,[DB-CLUSTER-03] Batch job completed successfully.
2026-06-16 12:11:14.414309,WARNING,[LEGACY-SRV-02] High memory threshold approaching.
2026-06-16 12:25:16.414309,INFO,[MAINFRAME-A] Routine backup finished.
2026-06-16 12:34:24.414309,INFO,[DB-CLUSTER-03] User login authenticated.
2026-06-16 12:35:09.414309,INFO,[DB-CLUSTER-03] Batch job completed successfully.
2026-06-16 12:35:54.414309,INFO,[DB-CLUSTER-03] Batch job completed successfully.
2026-06-16 12:36:05.414309,INFO,[MAINFRAME-A] Routine backup finished.
2026-06-16 14:24:08.414309,CRITICAL,[LEGACY-SRV-01] Security breach attempt blocked.
2026-06-16 14:34:49.414309,INFO,[LEGACY-SRV-02] User login authenticated.
2026-06-16 14:48:52.414309,INFO,[LEGACY-SRV-01] Cache cleared.
2026-06-16 15:06:02.414309,INFO,[DB-CLUSTER-03] User login authenticated.
2026-06-16 16:02:07.414309,CRITICAL,[LEGACY-SRV-02] Database cluster failover initiated.
2026-06-16 16:40:00.414309,INFO,[MAINFRAME-A] Batch job completed successfully.
2026-06-16 16:50:47.414309,INFO,[LEGACY-SRV-02] Batch job completed successfully.
2026-06-16 17:05:15.414309,INFO,[LEGACY-SRV-01] User login authenticated.
2026-06-16 17:17:29.414309,INFO,[MAINFRAME-A] Batch job completed successfully.
2026-06-16 17:32:51.414309,INFO,[LEGACY-SRV-02] Routine backup finished.
2026-06-16 17:38:03.414309,WARNING,[LEGACY-SRV-01] Slow query detected in legacy DB.
2026-06-16 17:47:26.414309,ERROR,[LEGACY-SRV-01] File lock contention detected.
2026-06-16 17:48:46.414309,ERROR,[LEGACY-SRV-01] File lock contention detected.
2026-06-16 17:50:12.414309,INFO,[LEGACY-SRV-02] Batch job completed successfully.
2026-06-16 17:59:50.414309,INFO,[DB-CLUSTER-03] Cache cleared.
2026-06-16 18:10:00.414309,INFO,[LEGACY-SRV-02] Routine backup finished.
2026-06-16 18:15:02.414309,WARNING,[LEGACY-SRV-01] Slow query detected in legacy DB.
2026-06-16 18:47:20.414309,INFO,[LEGACY-SRV-01] Routine backup finished.
2026-06-16 18:51:24.414309,INFO,[LEGACY-SRV-01] Routine backup finished.
2026-06-16 19:38:28.414309,INFO,[LEGACY-SRV-01] Cache cleared.
2026-06-16 20:12:22.414309,INFO,[LEGACY-SRV-02] User login authenticated.
2026-06-16 21:14:39.414309,INFO,[LEGACY-SRV-01] Routine backup finished.
2026-06-16 21:19:41.414309,INFO,[MAINFRAME-A] User login authenticated.
2026-06-16 21:31:12.414309,CRITICAL,[LEGACY-SRV-01] Database cluster failover initiated.
2026-06-16 21:33:12.414309,INFO,[LEGACY-SRV-01] User login authenticated.
2026-06-16 21:36:02.414309,ERROR,[LEGACY-SRV-02] Failed to connect to mainframe.
2026-06-16 21:51:57.414309,INFO,[MAINFRAME-A] User login authenticated.
2026-06-16 22:28:18.414309,WARNING,[MAINFRAME-A] Disk space below 20%.
2026-06-16 22:39:11.414309,ERROR,[LEGACY-SRV-02] File lock contention detected.
2026-06-16 22:39:34.414309,WARNING,[MAINFRAME-A] Connection pool nearing limit.
2026-06-16 22:48:15.414309,WARNING,[LEGACY-SRV-01] Slow query detected in legacy DB.
2026-06-16 22:57:19.414309,INFO,[MAINFRAME-A] Cache cleared.
2026-06-16 23:01:30.414309,INFO,[LEGACY-SRV-02] Batch job completed successfully.
2026-06-16 23:03:45.414309,INFO,[LEGACY-SRV-01] Routine backup finished.
2026-06-16 23:47:02.414309,INFO,[MAINFRAME-A] Batch job completed successfully.
2026-06-17 00:11:28.414309,ERROR,[DB-CLUSTER-03] File lock contention detected.
2026-06-17 00:16:34.414309,INFO,[MAINFRAME-A] Routine backup finished.
2026-06-17 00:28:09.414309,INFO,[LEGACY-SRV-01] Cache cleared.
2026-06-17 00:53:57.414309,INFO,[LEGACY-SRV-01] Cache cleared.
2026-06-17 00:55:30.414309,INFO,[LEGACY-SRV-01] Batch job completed successfully.
2026-06-17 02:05:50.414309,INFO,[LEGACY-SRV-01] Batch job completed successfully.
2026-06-17 02:38:50.414309,INFO,[LEGACY-SRV-02] Cache cleared.
2026-06-17 02:39:13.414309,INFO,[LEGACY-SRV-02] Routine backup finished.
2026-06-17 02:50:12.414309,INFO,[MAINFRAME-A] Routine backup finished.
2026-06-17 03:10:06.414309,INFO,[DB-CLUSTER-03] Cache cleared.
2026-06-17 03:40:08.414309,ERROR,[MAINFRAME-A] Failed to connect to mainframe.
2026-06-17 04:13:40.414309,INFO,[LEGACY-SRV-01] User login authenticated.
2026-06-17 04:17:57.414309,INFO,[LEGACY-SRV-02] Routine backup finished.
2026-06-17 04:47:14.414309,CRITICAL,[LEGACY-SRV-02] Database cluster failover initiated.
2026-06-17 05:30:42.414309,INFO,[MAINFRAME-A] Routine backup finished.
2026-06-17 05:38:53.414309,CRITICAL,[MAINFRAME-A] Core dump generated.
2026-06-17 05:52:39.414309,ERROR,[LEGACY-SRV-02] File lock contention detected.
2026-06-17 05:57:54.414309,ERROR,[MAINFRAME-A] Failed to connect to mainframe.
2026-06-17 06:00:20.414309,WARNING,[DB-CLUSTER-03] High memory threshold approaching.
2026-06-17 06:04:38.414309,ERROR,[MAINFRAME-A] API timeout after 30s.
2026-06-17 06:19:39.414309,INFO,[DB-CLUSTER-03] Routine backup finished.
2026-06-17 07:07:43.414309,INFO,[DB-CLUSTER-03] Cache cleared.
2026-06-17 07:14:07.414309,INFO,[LEGACY-SRV-01] Cache cleared.
2026-06-17 08:04:05.414309,INFO,[DB-CLUSTER-03] Cache cleared.
2026-06-17 08:09:48.414309,INFO,[DB-CLUSTER-03] Routine backup finished.
2026-06-17 08:15:34.414309,INFO,[LEGACY-SRV-02] Batch job completed successfully.
2026-06-17 08:30:49.414309,CRITICAL,[MAINFRAME-A] System unresponsive. Manual intervention required.
2026-06-17 08:56:11.414309,INFO,[LEGACY-SRV-01] Cache cleared.
2026-06-17 09:34:34.414309,INFO,[LEGACY-SRV-02] Cache cleared.
2026-06-17 09:43:03.414309,INFO,[LEGACY-SRV-02] Cache cleared.
2026-06-17 10:00:33.414309,CRITICAL,[MAINFRAME-A] Security breach attempt blocked.
2026-06-17 10:41:49.414309,INFO,[LEGACY-SRV-01] Routine backup finished.
2026-06-17 10:52:20.414309,ERROR,[LEGACY-SRV-01] Transaction rollback triggered.
2026-06-17 11:17:08.414309,WARNING,[MAINFRAME-A] Disk space below 20%.
2026-06-17 11:39:09.414309,INFO,[LEGACY-SRV-01] Routine backup finished.
2026-06-17 12:15:58.414309,INFO,[DB-CLUSTER-03] Cache cleared.
2026-06-17 12:19:23.414309,CRITICAL,[DB-CLUSTER-03] Database cluster failover initiated.
2026-06-17 12:49:24.414309,WARNING,[LEGACY-SRV-01] High memory threshold approaching.
2026-06-17 14:17:09.414309,ERROR,[LEGACY-SRV-02] File lock contention detected.
2026-06-17 14:33:50.414309,CRITICAL,[MAINFRAME-A] Database cluster failover initiated.
2026-06-17 15:29:37.414309,INFO,[LEGACY-SRV-02] Routine backup finished.
2026-06-17 15:54:05.414309,INFO,[LEGACY-SRV-02] Cache cleared.
2026-06-17 16:07:40.414309,INFO,[MAINFRAME-A] Cache cleared.
2026-06-17 17:25:00.414309,ERROR,[DB-CLUSTER-03] File lock contention detected.
2026-06-17 17:58:53.414309,INFO,[LEGACY-SRV-02] Cache cleared.
2026-06-17 18:10:48.414309,WARNING,[DB-CLUSTER-03] Connection pool nearing limit.
2026-06-17 18:15:22.414309,ERROR,[DB-CLUSTER-03] Failed to connect to mainframe.
2026-06-17 18:16:52.414309,INFO,[LEGACY-SRV-02] Routine backup finished.
2026-06-17 18:21:39.414309,WARNING,[MAINFRAME-A] Connection pool nearing limit.
2026-06-17 18:26:00.414309,INFO,[MAINFRAME-A] User login authenticated.
2026-06-17 18:28:37.414309,INFO,[MAINFRAME-A] Batch job completed successfully.
2026-06-17 18:29:09.414309,INFO,[MAINFRAME-A] Cache cleared.
2026-06-17 18:34:40.414309,ERROR,[LEGACY-SRV-02] Transaction rollback triggered.
2026-06-17 18:49:34.414309,INFO,[MAINFRAME-A] Batch job completed successfully.
2026-06-17 18:56:00.414309,ERROR,[DB-CLUSTER-03] Failed to connect to mainframe.
2026-06-17 19:16:35.414309,INFO,[LEGACY-SRV-01] User login authenticated.
2026-06-17 19:28:52.414309,INFO,[LEGACY-SRV-02] Routine backup finished.
2026-06-17 20:07:24.414309,INFO,[DB-CLUSTER-03] Cache cleared.
2026-06-17 20:33:06.414309,INFO,[DB-CLUSTER-03] Cache cleared.
2026-06-17 20:34:24.414309,WARNING,[LEGACY-SRV-01] Connection pool nearing limit.
2026-06-17 20:54:11.414309,WARNING,[LEGACY-SRV-01] High memory threshold approaching.
2026-06-17 21:06:18.414309,WARNING,[MAINFRAME-A] Connection pool nearing limit.
2026-06-17 21:11:17.414309,WARNING,[DB-CLUSTER-03] Disk space below 20%.
2026-06-17 21:47:20.414309,CRITICAL,[DB-CLUSTER-03] System unresponsive. Manual intervention required.
2026-06-17 21:59:55.414309,INFO,[MAINFRAME-A] Batch job completed successfully.
2026-06-17 22:34:02.414309,INFO,[LEGACY-SRV-01] Cache cleared.
2026-06-17 22:48:13.414309,INFO,[LEGACY-SRV-01] Routine backup finished.
2026-06-17 23:37:47.414309,INFO,[DB-CLUSTER-03] Cache cleared.
2026-06-17 23:44:37.414309,CRITICAL,[LEGACY-SRV-01] Core dump generated.
2026-06-18 00:02:43.414309,INFO,[LEGACY-SRV-01] User login authenticated.
2026-06-18 00:15:58.414309,INFO,[LEGACY-SRV-02] User login authenticated.
2026-06-18 00:20:49.414309,INFO,[LEGACY-SRV-02] Batch job completed successfully.
2026-06-18 01:36:59.414309,WARNING,[DB-CLUSTER-03] High memory threshold approaching.
2026-06-18 02:17:19.414309,ERROR,[MAINFRAME-A] API timeout after 30s.
2026-06-18 02:21:06.414309,ERROR,[MAINFRAME-A] File lock contention detected.
2026-06-18 02:36:17.414309,WARNING,[LEGACY-SRV-01] Connection pool nearing limit.
2026-06-18 02:44:13.414309,WARNING,[MAINFRAME-A] Disk space below 20%.
2026-06-18 03:23:37.414309,INFO,[LEGACY-SRV-02] Routine backup finished.
2026-06-18 03:25:42.414309,WARNING,[LEGACY-SRV-02] Connection pool nearing limit.
2026-06-18 04:46:08.414309,ERROR,[LEGACY-SRV-02] API timeout after 30s.
2026-06-18 04:47:06.414309,WARNING,[DB-CLUSTER-03] Connection pool nearing limit.
2026-06-18 05:10:10.414309,INFO,[LEGACY-SRV-02] User login authenticated.
2026-06-18 05:38:12.414309,INFO,[LEGACY-SRV-01] Routine backup finished.
2026-06-18 05:46:42.414309,ERROR,[DB-CLUSTER-03] Transaction rollback triggered.
2026-06-18 06:01:47.414309,INFO,[LEGACY-SRV-02] Cache cleared.
2026-06-18 06:13:32.414309,ERROR,[LEGACY-SRV-02] API timeout after 30s.
2026-06-18 06:14:34.414309,ERROR,[LEGACY-SRV-01] API timeout after 30s.
2026-06-18 07:07:14.414309,INFO,[LEGACY-SRV-01] User login authenticated.
2026-06-18 07:33:55.414309,INFO,[DB-CLUSTER-03] User login authenticated.
2026-06-18 07:41:42.414309,INFO,[MAINFRAME-A] Cache cleared.
2026-06-18 09:11:18.414309,CRITICAL,[DB-CLUSTER-03] System unresponsive. Manual intervention required.
2026-06-18 09:22:15.414309,WARNING,[LEGACY-SRV-01] High memory threshold approaching.
2026-06-18 10:12:12.414309,INFO,[MAINFRAME-A] Cache cleared.
2026-06-18 10:21:26.414309,INFO,[LEGACY-SRV-01] Batch job completed successfully.
2026-06-18 10:42:45.414309,ERROR,[LEGACY-SRV-02] Transaction rollback triggered.
2026-06-18 10:43:46.414309,INFO,[DB-CLUSTER-03] Cache cleared.
2026-06-18 10:51:09.414309,INFO,[DB-CLUSTER-03] Cache cleared.
2026-06-18 11:01:43.414309,INFO,[MAINFRAME-A] User login authenticated.
2026-06-18 11:28:16.414309,INFO,[DB-CLUSTER-03] Batch job completed successfully.
2026-06-18 11:38:32.414309,ERROR,[DB-CLUSTER-03] API timeout after 30s.
2026-06-18 11:44:40.414309,ERROR,[MAINFRAME-A] API timeout after 30s.
2026-06-18 11:56:20.414309,INFO,[LEGACY-SRV-02] User login authenticated.
2026-06-18 11:57:30.414309,WARNING,[MAINFRAME-A] Disk space below 20%.
2026-06-18 13:27:38.414309,WARNING,[LEGACY-SRV-02] Disk space below 20%.
2026-06-18 13:29:48.414309,ERROR,[LEGACY-SRV-01] API timeout after 30s.
2026-06-18 13:29:54.414309,INFO,[LEGACY-SRV-02] Cache cleared.
2026-06-18 13:32:47.414309,INFO,[MAINFRAME-A] User login authenticated.
2026-06-18 13:47:02.414309,INFO,[MAINFRAME-A] User login authenticated.
2026-06-18 13:51:53.414309,WARNING,[LEGACY-SRV-01] Connection pool nearing limit.
2026-06-18 14:50:07.414309,ERROR,[LEGACY-SRV-02] Transaction rollback triggered.
2026-06-18 14:56:48.414309,INFO,[LEGACY-SRV-01] User login authenticated.
2026-06-18 15:27:34.414309,WARNING,[DB-CLUSTER-03] Disk space below 20%.
2026-06-18 15:31:10.414309,INFO,[LEGACY-SRV-02] Cache cleared.
2026-06-18 15:43:20.414309,INFO,[MAINFRAME-A] User login authenticated.
2026-06-18 16:39:28.414309,INFO,[DB-CLUSTER-03] User login authenticated.
2026-06-18 17:00:43.414309,WARNING,[LEGACY-SRV-02] Slow query detected in legacy DB.
2026-06-18 17:01:35.414309,INFO,[LEGACY-SRV-01] Routine backup finished.
2026-06-18 17:37:01.414309,INFO,[LEGACY-SRV-01] Routine backup finished.
2026-06-18 18:02:26.414309,ERROR,[LEGACY-SRV-02] Transaction rollback triggered.
2026-06-18 18:48:08.414309,INFO,[LEGACY-SRV-01] Batch job completed successfully.
2026-06-18 18:50:00.414309,INFO,[LEGACY-SRV-02] Batch job completed successfully.
2026-06-18 19:17:25.414309,WARNING,[LEGACY-SRV-02] High memory threshold approaching.
2026-06-18 20:10:39.414309,INFO,[LEGACY-SRV-02] User login authenticated.
2026-06-18 20:16:43.414309,INFO,[LEGACY-SRV-01] Batch job completed successfully.
2026-06-18 20:42:34.414309,WARNING,[MAINFRAME-A] Connection pool nearing limit.
2026-06-18 20:43:57.414309,INFO,[LEGACY-SRV-01] Routine backup finished.
2026-06-18 21:26:59.414309,WARNING,[LEGACY-SRV-01] Disk space below 20%.
2026-06-18 21:44:24.414309,INFO,[MAINFRAME-A] Batch job completed successfully.
2026-06-18 22:01:04.414309,INFO,[LEGACY-SRV-01] Cache cleared.
2026-06-18 22:18:24.414309,WARNING,[LEGACY-SRV-02] Disk space below 20%.
2026-06-18 22:30:54.414309,INFO,[MAINFRAME-A] Routine backup finished.
2026-06-18 22:33:18.414309,INFO,[MAINFRAME-A] Cache cleared.
2026-06-18 22:40:03.414309,WARNING,[LEGACY-SRV-02] Connection pool nearing limit.
2026-06-18 23:38:19.414309,INFO,[MAINFRAME-A] User login authenticated.
2026-06-18 23:47:21.414309,WARNING,[LEGACY-SRV-02] High memory threshold approaching.
2026-06-19 00:01:11.414309,WARNING,[LEGACY-SRV-02] Connection pool nearing limit.
2026-06-19 00:06:18.414309,WARNING,[MAINFRAME-A] Connection pool nearing limit.
2026-06-19 00:07:18.414309,INFO,[MAINFRAME-A] Routine backup finished.
2026-06-19 00:19:40.414309,WARNING,[LEGACY-SRV-01] High memory threshold approaching.
2026-06-19 00:25:11.414309,WARNING,[LEGACY-SRV-01] High memory threshold approaching.
2026-06-19 00:28:24.414309,INFO,[LEGACY-SRV-02] User login authenticated.
2026-06-19 00:42:03.414309,CRITICAL,[LEGACY-SRV-02] System unresponsive. Manual intervention required.
2026-06-19 02:17:31.414309,WARNING,[LEGACY-SRV-02] Disk space below 20%.
2026-06-19 02:28:44.414309,WARNING,[DB-CLUSTER-03] Disk space below 20%.
2026-06-19 02:30:13.414309,INFO,[LEGACY-SRV-01] User login authenticated.
2026-06-19 02:37:29.414309,INFO,[LEGACY-SRV-02] User login authenticated.
2026-06-19 02:57:43.414309,INFO,[LEGACY-SRV-01] Batch job completed successfully.
2026-06-19 03:13:59.414309,WARNING,[LEGACY-SRV-01] Disk space below 20%.
2026-06-19 03:30:57.414309,INFO,[DB-CLUSTER-03] Routine backup finished.
2026-06-19 03:36:13.414309,WARNING,[DB-CLUSTER-03] Slow query detected in legacy DB.
2026-06-19 03:36:55.414309,INFO,[DB-CLUSTER-03] Routine backup finished.
2026-06-19 03:59:50.414309,INFO,[MAINFRAME-A] User login authenticated.
2026-06-19 04:53:32.414309,INFO,[LEGACY-SRV-02] Batch job completed successfully.
2026-06-19 05:31:25.414309,INFO,[MAINFRAME-A] User login authenticated.
2026-06-19 05:43:10.414309,INFO,[MAINFRAME-A] Routine backup finished.
2026-06-19 08:10:12.414309,INFO,[LEGACY-SRV-02] Cache cleared.
2026-06-19 08:14:33.414309,INFO,[LEGACY-SRV-01] User login authenticated.
2026-06-19 08:25:57.414309,INFO,[MAINFRAME-A] Batch job completed successfully.
2026-06-19 08:37:05.414309,INFO,[LEGACY-SRV-02] Batch job completed successfully.
2026-06-19 08:57:15.414309,WARNING,[LEGACY-SRV-01] High memory threshold approaching.
2026-06-19 09:05:50.414309,ERROR,[DB-CLUSTER-03] API timeout after 30s.
2026-06-19 09:19:45.414309,INFO,[LEGACY-SRV-01] User login authenticated.
2026-06-19 11:14:45.414309,WARNING,[LEGACY-SRV-02] Connection pool nearing limit.
2026-06-19 11:40:26.414309,INFO,[DB-CLUSTER-03] Batch job completed successfully.
2026-06-19 11:52:00.414309,ERROR,[DB-CLUSTER-03] API timeout after 30s.
2026-06-19 12:00:47.414309,INFO,[DB-CLUSTER-03] Cache cleared.
2026-06-19 12:10:14.414309,INFO,[MAINFRAME-A] Cache cleared.
2026-06-19 12:34:35.414309,WARNING,[MAINFRAME-A] Disk space below 20%.
2026-06-19 12:35:59.414309,WARNING,[LEGACY-SRV-02] Disk space below 20%.
2026-06-19 13:12:22.414309,INFO,[MAINFRAME-A] Cache cleared.
2026-06-19 13:35:41.414309,INFO,[LEGACY-SRV-01] Routine backup finished.
2026-06-19 14:01:18.414309,INFO,[MAINFRAME-A] Batch job completed successfully.
2026-06-19 14:11:31.414309,ERROR,[LEGACY-SRV-02] API timeout after 30s.
2026-06-19 14:14:08.414309,ERROR,[DB-CLUSTER-03] Failed to connect to mainframe.
2026-06-19 14:31:31.414309,INFO,[MAINFRAME-A] Batch job completed successfully.
2026-06-19 16:16:39.414309,INFO,[MAINFRAME-A] Cache cleared.
2026-06-19 16:23:50.414309,WARNING,[LEGACY-SRV-01] Connection pool nearing limit.
2026-06-19 18:12:29.414309,ERROR,[LEGACY-SRV-01] API timeout after 30s.
2026-06-19 18:19:23.414309,INFO,[LEGACY-SRV-02] Routine backup finished.
2026-06-19 18:21:36.414309,INFO,[LEGACY-SRV-01] Routine backup finished.
2026-06-19 18:44:01.414309,INFO,[LEGACY-SRV-02] Batch job completed successfully.
2026-06-19 18:56:53.414309,ERROR,[MAINFRAME-A] Failed to connect to mainframe.
2026-06-19 19:07:28.414309,INFO,[LEGACY-SRV-02] User login authenticated.
2026-06-19 19:20:11.414309,ERROR,[LEGACY-SRV-01] Failed to connect to mainframe.
2026-06-19 19:58:58.414309,INFO,[LEGACY-SRV-01] Routine backup finished.
2026-06-19 20:29:00.414309,WARNING,[DB-CLUSTER-03] Connection pool nearing limit.
2026-06-19 20:36:44.414309,INFO,[LEGACY-SRV-02] Cache cleared.
2026-06-19 20:38:38.414309,CRITICAL,[LEGACY-SRV-01] Security breach attempt blocked.
2026-06-19 20:46:24.414309,INFO,[LEGACY-SRV-01] User login authenticated.
2026-06-19 20:48:14.414309,WARNING,[DB-CLUSTER-03] High memory threshold approaching.
2026-06-19 21:14:08.414309,INFO,[LEGACY-SRV-02] User login authenticated.
2026-06-19 21:18:21.414309,CRITICAL,[DB-CLUSTER-03] System unresponsive. Manual intervention required.
2026-06-19 21:52:39.414309,INFO,[LEGACY-SRV-01] Routine backup finished.
2026-06-19 22:18:08.414309,INFO,[DB-CLUSTER-03] User login authenticated.
2026-06-19 22:31:43.414309,INFO,[LEGACY-SRV-01] Batch job completed successfully.
2026-06-19 22:33:59.414309,INFO,[DB-CLUSTER-03] Routine backup finished.
2026-06-19 23:02:09.414309,INFO,[DB-CLUSTER-03] Routine backup finished.
2026-06-19 23:02:55.414309,WARNING,[DB-CLUSTER-03] High memory threshold approaching.
2026-06-19 23:11:44.414309,WARNING,[DB-CLUSTER-03] Slow query detected in legacy DB.
2026-06-19 23:56:56.414309,WARNING,[DB-CLUSTER-03] Connection pool nearing limit.
2026-06-20 00:13:31.414309,INFO,[DB-CLUSTER-03] Batch job completed successfully.
2026-06-20 00:16:43.414309,INFO,[MAINFRAME-A] User login authenticated.
2026-06-20 01:35:22.414309,ERROR,[DB-CLUSTER-03] Failed to connect to mainframe.
2026-06-20 01:55:51.414309,CRITICAL,[LEGACY-SRV-02] System unresponsive. Manual intervention required.
2026-06-20 02:23:48.414309,ERROR,[LEGACY-SRV-01] Transaction rollback triggered.
2026-06-20 02:26:49.414309,CRITICAL,[DB-CLUSTER-03] Core dump generated.
2026-06-20 03:48:32.414309,INFO,[LEGACY-SRV-02] Routine backup finished.
2026-06-20 03:56:32.414309,INFO,[DB-CLUSTER-03] Routine backup finished.
2026-06-20 04:11:52.414309,INFO,[DB-CLUSTER-03] Cache cleared.
2026-06-20 04:32:42.414309,INFO,[DB-CLUSTER-03] Routine backup finished.
2026-06-20 04:37:21.414309,INFO,[LEGACY-SRV-02] Cache cleared.
2026-06-20 04:58:06.414309,WARNING,[LEGACY-SRV-01] High memory threshold approaching.
2026-06-20 05:23:54.414309,INFO,[LEGACY-SRV-02] Batch job completed successfully.
2026-06-20 05:28:13.414309,INFO,[LEGACY-SRV-02] User login authenticated.
2026-06-20 05:34:32.414309,ERROR,[MAINFRAME-A] API timeout after 30s.
2026-06-20 06:19:11.414309,INFO,[MAINFRAME-A] User login authenticated.
2026-06-20 06:30:49.414309,WARNING,[LEGACY-SRV-01] Connection pool nearing limit.
2026-06-20 06:32:06.414309,INFO,[MAINFRAME-A] Cache cleared.
2026-06-20 08:11:38.414309,INFO,[DB-CLUSTER-03] User login authenticated.
2026-06-20 08:51:08.414309,INFO,[MAINFRAME-A] Cache cleared.
2026-06-20 09:16:41.414309,INFO,[MAINFRAME-A] Batch job completed successfully.
2026-06-20 09:34:57.414309,INFO,[LEGACY-SRV-01] Batch job completed successfully.
2026-06-20 09:56:08.414309,WARNING,[LEGACY-SRV-02] Connection pool nearing limit.
2026-06-20 10:03:18.414309,ERROR,[MAINFRAME-A] API timeout after 30s.
2026-06-20 10:41:19.414309,INFO,[LEGACY-SRV-02] User login authenticated.
2026-06-20 10:56:52.414309,INFO,[MAINFRAME-A] User login authenticated.
2026-06-20 11:13:09.414309,INFO,[LEGACY-SRV-01] User login authenticated.
2026-06-20 11:14:44.414309,INFO,[MAINFRAME-A] User login authenticated.
2026-06-20 11:35:49.414309,INFO,[LEGACY-SRV-01] User login authenticated.
2026-06-20 12:26:23.414309,WARNING,[LEGACY-SRV-01] Slow query detected in legacy DB.
2026-06-20 13:13:25.414309,INFO,[MAINFRAME-A] Cache cleared.
2026-06-20 14:59:09.414309,ERROR,[MAINFRAME-A] Transaction rollback triggered.
2026-06-20 15:01:14.414309,INFO,[MAINFRAME-A] Cache cleared.
2026-06-20 15:01:34.414309,INFO,[LEGACY-SRV-01] User login authenticated.
2026-06-20 15:04:34.414309,WARNING,[MAINFRAME-A] Slow query detected in legacy DB.
2026-06-20 15:35:35.414309,INFO,[LEGACY-SRV-02] Cache cleared.
2026-06-20 15:42:00.414309,INFO,[DB-CLUSTER-03] Cache cleared.
2026-06-20 16:19:26.414309,INFO,[MAINFRAME-A] Cache cleared.
2026-06-20 16:35:24.414309,CRITICAL,[LEGACY-SRV-01] Database cluster failover initiated.
2026-06-20 17:03:49.414309,INFO,[LEGACY-SRV-02] Routine backup finished.
2026-06-20 17:52:50.414309,INFO,[LEGACY-SRV-02] User login authenticated.
2026-06-20 17:59:23.414309,WARNING,[DB-CLUSTER-03] High memory threshold approaching.
2026-06-20 17:59:56.414309,INFO,[MAINFRAME-A] Routine backup finished.
2026-06-20 18:39:44.414309,INFO,[LEGACY-SRV-02] Routine backup finished.
2026-06-20 18:49:01.414309,INFO,[LEGACY-SRV-01] Cache cleared.
2026-06-20 18:55:02.414309,ERROR,[LEGACY-SRV-02] File lock contention detected.
2026-06-20 18:55:13.414309,ERROR,[DB-CLUSTER-03] Transaction rollback triggered.
2026-06-20 19:01:47.414309,INFO,[LEGACY-SRV-01] User login authenticated.
2026-06-20 20:23:20.414309,ERROR,[DB-CLUSTER-03] API timeout after 30s.
2026-06-20 20:26:17.414309,INFO,[LEGACY-SRV-02] Batch job completed successfully.
2026-06-20 20:45:27.414309,INFO,[LEGACY-SRV-01] User login authenticated.
2026-06-20 21:29:30.414309,INFO,[DB-CLUSTER-03] Cache cleared.
2026-06-20 21:37:17.414309,INFO,[LEGACY-SRV-01] Routine backup finished.
2026-06-20 23:14:38.414309,ERROR,[LEGACY-SRV-02] Failed to connect to mainframe.
2026-06-20 23:16:26.414309,INFO,[MAINFRAME-A] Routine backup finished.
2026-06-20 23:16:53.414309,INFO,[DB-CLUSTER-03] Routine backup finished.
2026-06-20 23:19:29.414309,ERROR,[LEGACY-SRV-01] Transaction rollback triggered.
2026-06-20 23:32:09.414309,ERROR,[LEGACY-SRV-02] Transaction rollback triggered.
2026-06-20 23:36:49.414309,INFO,[MAINFRAME-A] Cache cleared.
2026-06-20 23:48:31.414309,INFO,[MAINFRAME-A] Cache cleared.
2026-06-21 00:34:48.414309,ERROR,[DB-CLUSTER-03] API timeout after 30s.
2026-06-21 00:47:44.414309,INFO,[LEGACY-SRV-02] Cache cleared.
2026-06-21 01:37:43.414309,CRITICAL,[LEGACY-SRV-01] Core dump generated.
2026-06-21 01:41:15.414309,WARNING,[DB-CLUSTER-03] Connection pool nearing limit.
2026-06-21 01:43:46.414309,INFO,[LEGACY-SRV-01] User login authenticated.
2026-06-21 01:52:43.414309,WARNING,[MAINFRAME-A] Slow query detected in legacy DB.
2026-06-21 03:03:13.414309,INFO,[DB-CLUSTER-03] User login authenticated.
2026-06-21 03:22:32.414309,WARNING,[MAINFRAME-A] Connection pool nearing limit.
2026-06-21 03:33:45.414309,INFO,[LEGACY-SRV-01] User login authenticated.
2026-06-21 04:35:20.414309,INFO,[LEGACY-SRV-01] User login authenticated.
2026-06-21 05:00:40.414309,INFO,[LEGACY-SRV-02] Batch job completed successfully.
2026-06-21 05:36:32.414309,INFO,[LEGACY-SRV-01] Batch job completed successfully.
2026-06-21 05:41:31.414309,WARNING,[LEGACY-SRV-02] Slow query detected in legacy DB.
2026-06-21 06:05:18.414309,WARNING,[DB-CLUSTER-03] High memory threshold approaching.
2026-06-21 08:30:55.414309,WARNING,[LEGACY-SRV-02] High memory threshold approaching.
2026-06-21 09:19:10.414309,INFO,[LEGACY-SRV-02] Batch job completed successfully.
2026-06-21 09:26:04.414309,ERROR,[LEGACY-SRV-02] API timeout after 30s.
2026-06-21 09:36:50.414309,INFO,[MAINFRAME-A] User login authenticated.
2026-06-21 09:38:17.414309,INFO,[LEGACY-SRV-01] Cache cleared.
2026-06-21 09:58:07.414309,INFO,[MAINFRAME-A] Routine backup finished.
2026-06-21 10:07:22.414309,INFO,[LEGACY-SRV-02] Routine backup finished.
2026-06-21 10:58:25.414309,CRITICAL,[DB-CLUSTER-03] System unresponsive. Manual intervention required.
2026-06-21 11:03:38.414309,INFO,[MAINFRAME-A] Batch job completed successfully.
2026-06-21 11:07:13.414309,WARNING,[LEGACY-SRV-02] High memory threshold approaching.
2026-06-21 11:19:13.414309,WARNING,[MAINFRAME-A] Slow query detected in legacy DB.
2026-06-21 11:24:50.414309,INFO,[LEGACY-SRV-02] Cache cleared.
2026-06-21 11:45:03.414309,INFO,[LEGACY-SRV-01] Batch job completed successfully.
2026-06-21 11:59:45.414309,CRITICAL,[LEGACY-SRV-01] Database cluster failover initiated.
2026-06-21 12:10:01.414309,INFO,[LEGACY-SRV-02] Routine backup finished.
2026-06-21 12:27:55.414309,INFO,[DB-CLUSTER-03] Batch job completed successfully.
2026-06-21 13:41:46.414309,CRITICAL,[LEGACY-SRV-01] Security breach attempt blocked.
2026-06-21 13:49:26.414309,INFO,[LEGACY-SRV-02] Batch job completed successfully.
2026-06-21 14:35:28.414309,ERROR,[LEGACY-SRV-01] File lock contention detected.
2026-06-21 14:41:06.414309,ERROR,[LEGACY-SRV-01] File lock contention detected.
2026-06-21 15:02:36.414309,INFO,[MAINFRAME-A] Batch job completed successfully.
2026-06-21 15:25:09.414309,WARNING,[LEGACY-SRV-01] Disk space below 20%.
2026-06-21 15:39:20.414309,INFO,[MAINFRAME-A] User login authenticated.
2026-06-21 15:43:50.414309,INFO,[LEGACY-SRV-02] Batch job completed successfully.
2026-06-21 15:56:14.414309,INFO,[LEGACY-SRV-01] User login authenticated.
2026-06-21 16:09:33.414309,INFO,[LEGACY-SRV-02] User login authenticated.
2026-06-21 16:11:50.414309,WARNING,[LEGACY-SRV-02] Slow query detected in legacy DB.
2026-06-21 16:20:28.414309,ERROR,[LEGACY-SRV-01] API timeout after 30s.
2026-06-21 16:20:51.414309,WARNING,[LEGACY-SRV-02] High memory threshold approaching.
2026-06-21 16:25:27.414309,INFO,[DB-CLUSTER-03] Cache cleared.
2026-06-21 16:41:43.414309,INFO,[LEGACY-SRV-01] Cache cleared.
2026-06-21 16:43:16.414309,INFO,[MAINFRAME-A] Routine backup finished.
2026-06-21 17:24:28.414309,INFO,[MAINFRAME-A] Routine backup finished.
2026-06-21 17:29:47.414309,INFO,[LEGACY-SRV-02] Batch job completed successfully.
2026-06-21 17:52:57.414309,INFO,[MAINFRAME-A] Batch job completed successfully.
2026-06-21 17:54:37.414309,INFO,[MAINFRAME-A] User login authenticated.
2026-06-21 17:54:42.414309,INFO,[LEGACY-SRV-02] User login authenticated.
2026-06-21 17:59:24.414309,ERROR,[MAINFRAME-A] API timeout after 30s.
2026-06-21 18:05:35.414309,INFO,[MAINFRAME-A] Routine backup finished.
2026-06-21 18:13:07.414309,ERROR,[MAINFRAME-A] Failed to connect to mainframe.
2026-06-21 18:25:53.414309,WARNING,[MAINFRAME-A] High memory threshold approaching.
2026-06-21 18:34:12.414309,WARNING,[LEGACY-SRV-02] Slow query detected in legacy DB.
2026-06-21 18:57:28.414309,INFO,[MAINFRAME-A] Cache cleared.
2026-06-21 19:10:52.414309,CRITICAL,[LEGACY-SRV-01] Database cluster failover initiated.
2026-06-21 19:19:36.414309,ERROR,[MAINFRAME-A] Transaction rollback triggered.
2026-06-21 19:55:09.414309,INFO,[LEGACY-SRV-02] User login authenticated.
2026-06-21 19:55:45.414309,INFO,[LEGACY-SRV-01] User login authenticated.
2026-06-21 19:58:22.414309,INFO,[DB-CLUSTER-03] Cache cleared.
2026-06-21 19:58:27.414309,WARNING,[MAINFRAME-A] Slow query detected in legacy DB.
2026-06-21 20:05:55.414309,INFO,[LEGACY-SRV-01] Batch job completed successfully.
2026-06-21 21:26:00.414309,WARNING,[LEGACY-SRV-01] Connection pool nearing limit.
2026-06-21 22:09:17.414309,INFO,[MAINFRAME-A] User login authenticated.
2026-06-21 23:02:50.414309,INFO,[LEGACY-SRV-01] User login authenticated.
2026-06-21 23:09:49.414309,ERROR,[DB-CLUSTER-03] Failed to connect to mainframe.
2026-06-21 23:14:28.414309,INFO,[DB-CLUSTER-03] Batch job completed successfully.
2026-06-21 23:14:35.414309,CRITICAL,[MAINFRAME-A] Core dump generated.
2026-06-21 23:22:04.414309,INFO,[DB-CLUSTER-03] Routine backup finished.
2026-06-21 23:24:39.414309,INFO,[MAINFRAME-A] Routine backup finished.
2026-06-21 23:34:37.414309,WARNING,[MAINFRAME-A] Connection pool nearing limit.
2026-06-21 23:39:41.414309,INFO,[MAINFRAME-A] Cache cleared.
2026-06-21 23:49:33.414309,INFO,[MAINFRAME-A] User login authenticated.
2026-06-22 00:57:37.414309,INFO,[LEGACY-SRV-01] Cache cleared.
2026-06-22 01:37:24.414309,ERROR,[LEGACY-SRV-01] Transaction rollback triggered.
2026-06-22 02:55:58.414309,INFO,[LEGACY-SRV-01] Cache cleared.
2026-06-22 03:42:30.414309,INFO,[LEGACY-SRV-02] User login authenticated.
2026-06-22 03:57:20.414309,INFO,[MAINFRAME-A] User login authenticated.
2026-06-22 04:14:25.414309,INFO,[LEGACY-SRV-02] Cache cleared.
2026-06-22 04:36:04.414309,WARNING,[LEGACY-SRV-02] Connection pool nearing limit.
2026-06-22 04:42:53.414309,ERROR,[MAINFRAME-A] File lock contention detected.
2026-06-22 04:43:03.414309,INFO,[LEGACY-SRV-01] Routine backup finished.
2026-06-22 04:52:51.414309,INFO,[LEGACY-SRV-02] Routine backup finished.
2026-06-22 04:59:18.414309,CRITICAL,[DB-CLUSTER-03] System unresponsive. Manual intervention required.
2026-06-22 05:02:52.414309,INFO,[LEGACY-SRV-02] Routine backup finished.
2026-06-22 05:13:57.414309,INFO,[MAINFRAME-A] Batch job completed successfully.
2026-06-22 05:26:14.414309,INFO,[LEGACY-SRV-01] Routine backup finished.
2026-06-22 06:05:18.414309,INFO,[LEGACY-SRV-01] Routine backup finished.
2026-06-22 06:19:37.414309,INFO,[MAINFRAME-A] User login authenticated.
2026-06-22 06:20:24.414309,ERROR,[MAINFRAME-A] API timeout after 30s.
2026-06-22 06:49:21.414309,INFO,[DB-CLUSTER-03] Cache cleared.
2026-06-22 07:19:42.414309,INFO,[MAINFRAME-A] Batch job completed successfully.
2026-06-22 07:20:16.414309,ERROR,[LEGACY-SRV-01] Failed to connect to mainframe.
2026-06-22 07:26:38.414309,CRITICAL,[LEGACY-SRV-02] Security breach attempt blocked.
2026-06-22 07:52:11.414309,INFO,[LEGACY-SRV-01] User login authenticated.
2026-06-22 09:20:34.414309,CRITICAL,[LEGACY-SRV-01] Database cluster failover initiated.
2026-06-22 09:41:14.414309,INFO,[DB-CLUSTER-03] User login authenticated.
2026-06-22 09:42:07.414309,INFO,[LEGACY-SRV-02] Batch job completed successfully.
2026-06-22 10:20:38.414309,WARNING,[MAINFRAME-A] Slow query detected in legacy DB.
2026-06-22 10:34:48.414309,ERROR,[LEGACY-SRV-01] File lock contention detected.
2026-06-22 10:47:08.414309,INFO,[MAINFRAME-A] Cache cleared.
2026-06-22 10:59:02.414309,CRITICAL,[DB-CLUSTER-03] Security breach attempt blocked.
2026-06-22 11:01:17.414309,INFO,[MAINFRAME-A] Batch job completed successfully.
2026-06-22 11:07:02.414309,WARNING,[MAINFRAME-A] Disk space below 20%.
2026-06-22 11:16:21.414309,INFO,[MAINFRAME-A] Batch job completed successfully.
2026-06-22 11:36:05.414309,INFO,[LEGACY-SRV-01] Routine backup finished.
2026-06-22 12:06:45.414309,INFO,[LEGACY-SRV-01] Batch job completed successfully.
2026-06-22 12:45:35.414309,INFO,[LEGACY-SRV-02] Batch job completed successfully.
2026-06-22 13:01:37.414309,INFO,[MAINFRAME-A] Cache cleared.
2026-06-22 13:38:40.414309,INFO,[LEGACY-SRV-01] Routine backup finished.
2026-06-22 13:40:18.414309,WARNING,[LEGACY-SRV-01] Slow query detected in legacy DB.
2026-06-22 14:32:00.414309,INFO,[LEGACY-SRV-02] User login authenticated.
2026-06-22 16:11:10.414309,INFO,[MAINFRAME-A] User login authenticated.
2026-06-22 16:19:57.414309,INFO,[DB-CLUSTER-03] Cache cleared.
2026-06-22 16:35:46.414309,WARNING,[LEGACY-SRV-01] Disk space below 20%.
2026-06-22 16:51:03.414309,INFO,[DB-CLUSTER-03] Routine backup finished.
2026-06-22 17:00:03.414309,INFO,[MAINFRAME-A] Cache cleared.
2026-06-22 17:14:17.414309,INFO,[LEGACY-SRV-01] User login authenticated.
2026-06-22 17:49:56.414309,INFO,[MAINFRAME-A] Batch job completed successfully.
2026-06-22 18:30:52.414309,WARNING,[LEGACY-SRV-02] Slow query detected in legacy DB.
2026-06-22 18:46:04.414309,INFO,[LEGACY-SRV-02] User login authenticated.
2026-06-22 19:17:38.414309,ERROR,[DB-CLUSTER-03] Transaction rollback triggered.
2026-06-22 19:31:57.414309,INFO,[LEGACY-SRV-02] Routine backup finished.
2026-06-22 19:52:54.414309,INFO,[LEGACY-SRV-02] Routine backup finished.
2026-06-22 21:10:58.414309,INFO,[DB-CLUSTER-03] Batch job completed successfully.
2026-06-22 21:22:39.414309,INFO,[DB-CLUSTER-03] User login authenticated.
2026-06-22 21:43:37.414309,WARNING,[LEGACY-SRV-02] Disk space below 20%.
2026-06-22 21:52:15.414309,ERROR,[MAINFRAME-A] Transaction rollback triggered.
2026-06-22 22:22:27.414309,INFO,[LEGACY-SRV-01] User login authenticated.
2026-06-22 22:47:28.414309,INFO,[DB-CLUSTER-03] Cache cleared.
2026-06-22 22:49:41.414309,WARNING,[LEGACY-SRV-01] High memory threshold approaching.
2026-06-22 23:02:52.414309,WARNING,[DB-CLUSTER-03] Slow query detected in legacy DB.
2026-06-22 23:10:47.414309,ERROR,[MAINFRAME-A] File lock contention detected.
2026-06-22 23:16:31.414309,INFO,[DB-CLUSTER-03] Cache cleared.
2026-06-22 23:56:01.414309,ERROR,[LEGACY-SRV-02] Transaction rollback triggered.
2026-06-23 00:07:19.414309,CRITICAL,[LEGACY-SRV-01] Security breach attempt blocked.
2026-06-23 00:11:31.414309,INFO,[DB-CLUSTER-03] Batch job completed successfully.
2026-06-23 00:32:59.414309,CRITICAL,[LEGACY-SRV-02] Database cluster failover initiated.
2026-06-23 00:59:54.414309,CRITICAL,[LEGACY-SRV-02] Database cluster failover initiated.
2026-06-23 01:26:47.414309,INFO,[LEGACY-SRV-01] User login authenticated.
2026-06-23 02:07:22.414309,ERROR,[DB-CLUSTER-03] Failed to connect to mainframe.
2026-06-23 02:13:32.414309,WARNING,[LEGACY-SRV-02] Disk space below 20%.
2026-06-23 02:32:20.414309,INFO,[MAINFRAME-A] Routine backup finished.
2026-06-23 02:49:15.414309,INFO,[MAINFRAME-A] Batch job completed successfully.
2026-06-23 02:50:52.414309,ERROR,[LEGACY-SRV-01] API timeout after 30s.
2026-06-23 03:00:13.414309,INFO,[LEGACY-SRV-02] Batch job completed successfully.
2026-06-23 03:42:00.414309,INFO,[MAINFRAME-A] User login authenticated.
2026-06-23 03:42:23.414309,WARNING,[MAINFRAME-A] Slow query detected in legacy DB.
2026-06-23 03:56:47.414309,WARNING,[LEGACY-SRV-02] Slow query detected in legacy DB.
2026-06-23 04:31:25.414309,INFO,[LEGACY-SRV-01] User login authenticated.
2026-06-23 04:33:39.414309,INFO,[DB-CLUSTER-03] User login authenticated.
2026-06-23 05:00:18.414309,INFO,[LEGACY-SRV-01] User login authenticated.
2026-06-23 05:10:45.414309,INFO,[DB-CLUSTER-03] Batch job completed successfully.
2026-06-23 06:19:28.414309,WARNING,[DB-CLUSTER-03] High memory threshold approaching.
2026-06-23 06:39:03.414309,WARNING,[DB-CLUSTER-03] Disk space below 20%.
2026-06-23 07:03:21.414309,WARNING,[DB-CLUSTER-03] Disk space below 20%.
2026-06-23 07:06:19.414309,INFO,[LEGACY-SRV-01] Cache cleared.
2026-06-23 07:51:07.414309,WARNING,[LEGACY-SRV-01] Connection pool nearing limit.
2026-06-23 08:00:17.414309,INFO,[LEGACY-SRV-02] Cache cleared.
2026-06-23 08:20:55.414309,INFO,[DB-CLUSTER-03] Batch job completed successfully.
2026-06-23 08:48:42.414309,INFO,[MAINFRAME-A] Batch job completed successfully.
2026-06-23 09:27:54.414309,INFO,[LEGACY-SRV-02] Cache cleared.
2026-06-23 09:28:20.414309,CRITICAL,[LEGACY-SRV-01] Security breach attempt blocked.
2026-06-23 09:36:28.414309,ERROR,[LEGACY-SRV-01] File lock contention detected.
2026-06-23 10:31:03.414309,INFO,[LEGACY-SRV-02] User login authenticated.
2026-06-23 10:37:50.414309,INFO,[LEGACY-SRV-02] User login authenticated.
2026-06-23 10:46:16.414309,INFO,[LEGACY-SRV-02] Cache cleared.
2026-06-23 11:06:52.414309,INFO,[LEGACY-SRV-01] Cache cleared.
2026-06-23 11:16:58.414309,ERROR,[LEGACY-SRV-02] API timeout after 30s.
2026-06-23 11:46:15.414309,INFO,[DB-CLUSTER-03] Cache cleared.
2026-06-23 11:46:36.414309,INFO,[MAINFRAME-A] Routine backup finished.
2026-06-23 11:57:04.414309,INFO,[DB-CLUSTER-03] Routine backup finished.
2026-06-23 12:16:29.414309,INFO,[LEGACY-SRV-01] Routine backup finished.
2026-06-23 12:39:28.414309,INFO,[DB-CLUSTER-03] Routine backup finished.
2026-06-23 12:53:10.414309,INFO,[LEGACY-SRV-02] Batch job completed successfully.
2026-06-23 13:10:06.414309,INFO,[LEGACY-SRV-01] User login authenticated.
2026-06-23 13:25:45.414309,CRITICAL,[LEGACY-SRV-01] Security breach attempt blocked.
2026-06-23 14:21:53.414309,INFO,[DB-CLUSTER-03] Cache cleared.
2026-06-23 14:25:28.414309,INFO,[LEGACY-SRV-02] User login authenticated.
2026-06-23 14:44:47.414309,INFO,[MAINFRAME-A] Routine backup finished.
2026-06-23 15:12:11.414309,INFO,[DB-CLUSTER-03] Routine backup finished.
2026-06-23 15:12:39.414309,WARNING,[MAINFRAME-A] Slow query detected in legacy DB.
2026-06-23 15:17:18.414309,INFO,[LEGACY-SRV-02] Batch job completed successfully.
2026-06-23 15:20:14.414309,INFO,[LEGACY-SRV-01] Routine backup finished.
2026-06-23 15:39:20.414309,ERROR,[MAINFRAME-A] Transaction rollback triggered.
2026-06-23 16:43:07.414309,ERROR,[LEGACY-SRV-01] File lock contention detected.
2026-06-23 16:56:11.414309,INFO,[LEGACY-SRV-01] Batch job completed successfully.
2026-06-23 17:59:21.414309,INFO,[LEGACY-SRV-02] User login authenticated.
2026-06-23 18:08:49.414309,INFO,[DB-CLUSTER-03] User login authenticated.
2026-06-23 18:27:54.414309,INFO,[DB-CLUSTER-03] Batch job completed successfully.
2026-06-23 18:46:41.414309,INFO,[LEGACY-SRV-01] Routine backup finished.
2026-06-23 18:47:16.414309,INFO,[MAINFRAME-A] Routine backup finished.
2026-06-23 18:53:45.414309,INFO,[LEGACY-SRV-01] Batch job completed successfully.
2026-06-23 19:08:23.414309,ERROR,[MAINFRAME-A] File lock contention detected.
2026-06-23 19:30:41.414309,INFO,[MAINFRAME-A] Routine backup finished.
2026-06-23 19:54:33.414309,INFO,[DB-CLUSTER-03] Routine backup finished.
2026-06-23 20:35:12.414309,INFO,[LEGACY-SRV-02] Cache cleared.
2026-06-23 20:37:30.414309,INFO,[DB-CLUSTER-03] User login authenticated.
2026-06-23 20:59:41.414309,INFO,[MAINFRAME-A] Cache cleared.
2026-06-23 21:06:34.414309,INFO,[MAINFRAME-A] Batch job completed successfully.
2026-06-23 21:44:36.414309,INFO,[LEGACY-SRV-02] Cache cleared.
2026-06-23 23:23:22.414309,ERROR,[LEGACY-SRV-01] File lock contention detected.
2026-06-23 23:54:42.414309,INFO,[LEGACY-SRV-01] Routine backup finished.
2026-06-24 00:24:19.414309,INFO,[DB-CLUSTER-03] Routine backup finished.
2026-06-24 00:45:07.414309,INFO,[LEGACY-SRV-02] Cache cleared.
2026-06-24 00:49:47.414309,ERROR,[LEGACY-SRV-02] Failed to connect to mainframe.
2026-06-24 00:51:54.414309,WARNING,[LEGACY-SRV-02] Connection pool nearing limit.
2026-06-24 01:37:01.414309,WARNING,[LEGACY-SRV-02] Disk space below 20%.
2026-06-24 01:53:06.414309,ERROR,[LEGACY-SRV-01] API timeout after 30s.
2026-06-24 02:28:08.414309,INFO,[LEGACY-SRV-01] User login authenticated.
2026-06-24 03:51:15.414309,ERROR,[LEGACY-SRV-02] File lock contention detected.
2026-06-24 04:01:34.414309,ERROR,[DB-CLUSTER-03] API timeout after 30s.
2026-06-24 04:24:50.414309,WARNING,[LEGACY-SRV-01] Slow query detected in legacy DB.
2026-06-24 04:36:12.414309,INFO,[DB-CLUSTER-03] Routine backup finished.
2026-06-24 04:57:46.414309,INFO,[MAINFRAME-A] Cache cleared.
2026-06-24 05:40:22.414309,INFO,[DB-CLUSTER-03] User login authenticated.
2026-06-24 06:16:12.414309,WARNING,[LEGACY-SRV-02] Connection pool nearing limit.
2026-06-24 06:48:15.414309,INFO,[LEGACY-SRV-02] Routine backup finished.
2026-06-24 07:13:27.414309,INFO,[DB-CLUSTER-03] Routine backup finished.
2026-06-24 08:08:58.414309,INFO,[DB-CLUSTER-03] Routine backup finished.
2026-06-24 08:34:46.414309,CRITICAL,[LEGACY-SRV-02] Core dump generated.
2026-06-24 08:47:05.414309,INFO,[LEGACY-SRV-01] Routine backup finished.
2026-06-24 09:02:10.414309,INFO,[LEGACY-SRV-02] Routine backup finished.
2026-06-24 09:21:20.414309,INFO,[MAINFRAME-A] User login authenticated.
2026-06-24 09:32:26.414309,ERROR,[LEGACY-SRV-01] Failed to connect to mainframe.
2026-06-24 09:59:18.414309,INFO,[DB-CLUSTER-03] User login authenticated.
2026-06-24 10:41:39.414309,CRITICAL,[LEGACY-SRV-02] Database cluster failover initiated.
2026-06-24 10:50:17.414309,INFO,[DB-CLUSTER-03] Cache cleared.
2026-06-24 11:00:39.414309,INFO,[LEGACY-SRV-02] Cache cleared.
2026-06-24 11:10:26.414309,WARNING,[LEGACY-SRV-02] Disk space below 20%.
2026-06-24 12:26:58.414309,INFO,[LEGACY-SRV-02] Batch job completed successfully.
2026-06-24 12:37:50.414309,INFO,[LEGACY-SRV-01] Batch job completed successfully.
2026-06-24 12:39:15.414309,INFO,[DB-CLUSTER-03] Routine backup finished.
2026-06-24 13:18:17.414309,WARNING,[MAINFRAME-A] Slow query detected in legacy DB.
2026-06-24 14:35:43.414309,ERROR,[MAINFRAME-A] File lock contention detected.
2026-06-24 14:39:21.414309,CRITICAL,[DB-CLUSTER-03] Security breach attempt blocked.
2026-06-24 14:40:55.414309,INFO,[LEGACY-SRV-02] Cache cleared.
2026-06-24 15:36:32.414309,INFO,[DB-CLUSTER-03] Cache cleared.
2026-06-24 16:26:10.414309,WARNING,[DB-CLUSTER-03] Disk space below 20%.
2026-06-24 16:48:03.414309,ERROR,[LEGACY-SRV-02] Transaction rollback triggered.
2026-06-24 16:53:37.414309,INFO,[MAINFRAME-A] Routine backup finished.
2026-06-24 16:57:09.414309,INFO,[DB-CLUSTER-03] Batch job completed successfully.
2026-06-24 17:12:14.414309,INFO,[DB-CLUSTER-03] User login authenticated.
2026-06-24 17:18:33.414309,INFO,[LEGACY-SRV-02] Cache cleared.
2026-06-24 18:24:23.414309,INFO,[MAINFRAME-A] User login authenticated.
2026-06-24 18:29:34.414309,WARNING,[LEGACY-SRV-01] Connection pool nearing limit.
2026-06-24 18:45:12.414309,WARNING,[LEGACY-SRV-02] Connection pool nearing limit.
2026-06-24 19:07:57.414309,ERROR,[LEGACY-SRV-02] Failed to connect to mainframe.
2026-06-24 19:25:13.414309,ERROR,[LEGACY-SRV-01] Failed to connect to mainframe.
2026-06-24 19:30:30.414309,CRITICAL,[LEGACY-SRV-01] Database cluster failover initiated.
2026-06-24 20:14:08.414309,INFO,[LEGACY-SRV-01] Batch job completed successfully.
2026-06-24 21:09:03.414309,INFO,[MAINFRAME-A] User login authenticated.
2026-06-24 21:10:37.414309,INFO,[MAINFRAME-A] Routine backup finished.
2026-06-24 22:30:27.414309,INFO,[DB-CLUSTER-03] Cache cleared.
2026-06-24 22:41:55.414309,INFO,[DB-CLUSTER-03] Cache cleared.
2026-06-24 22:45:00.414309,ERROR,[LEGACY-SRV-02] API timeout after 30s.
2026-06-24 23:42:21.414309,INFO,[DB-CLUSTER-03] Routine backup finished.
2026-06-24 23:45:27.414309,INFO,[LEGACY-SRV-02] Batch job completed successfully.
2026-06-24 23:53:51.414309,WARNING,[LEGACY-SRV-01] Connection pool nearing limit.
2026-06-25 00:03:53.414309,INFO,[LEGACY-SRV-02] Cache cleared.
2026-06-25 00:04:05.414309,INFO,[MAINFRAME-A] User login authenticated.
2026-06-25 00:23:25.414309,INFO,[LEGACY-SRV-02] Routine backup finished.
2026-06-25 00:49:23.414309,ERROR,[DB-CLUSTER-03] Failed to connect to mainframe.
2026-06-25 00:55:07.414309,INFO,[DB-CLUSTER-03] Cache cleared.
2026-06-25 01:31:24.414309,INFO,[LEGACY-SRV-01] Cache cleared.
2026-06-25 01:31:34.414309,ERROR,[DB-CLUSTER-03] Transaction rollback triggered.
2026-06-25 01:32:07.414309,INFO,[MAINFRAME-A] Routine backup finished.
2026-06-25 02:20:17.414309,WARNING,[LEGACY-SRV-01] Disk space below 20%.
2026-06-25 02:28:20.414309,CRITICAL,[LEGACY-SRV-02] System unresponsive. Manual intervention required.
2026-06-25 02:58:54.414309,WARNING,[LEGACY-SRV-02] Disk space below 20%.
2026-06-25 03:04:21.414309,INFO,[DB-CLUSTER-03] Routine backup finished.
2026-06-25 03:31:54.414309,INFO,[LEGACY-SRV-01] User login authenticated.
2026-06-25 03:45:39.414309,INFO,[MAINFRAME-A] Batch job completed successfully.
2026-06-25 04:29:16.414309,INFO,[LEGACY-SRV-02] Cache cleared.
2026-06-25 04:37:31.414309,ERROR,[LEGACY-SRV-02] File lock contention detected.
2026-06-25 04:37:54.414309,WARNING,[DB-CLUSTER-03] Connection pool nearing limit.
2026-06-25 04:38:20.414309,ERROR,[MAINFRAME-A] File lock contention detected.
2026-06-25 05:18:08.414309,ERROR,[LEGACY-SRV-01] Failed to connect to mainframe.
2026-06-25 05:24:34.414309,INFO,[LEGACY-SRV-01] Routine backup finished.
2026-06-25 05:29:52.414309,ERROR,[LEGACY-SRV-02] API timeout after 30s.
2026-06-25 05:31:20.414309,INFO,[MAINFRAME-A] User login authenticated.
2026-06-25 05:40:37.414309,INFO,[LEGACY-SRV-02] Routine backup finished.
2026-06-25 06:10:59.414309,INFO,[LEGACY-SRV-01] User login authenticated.
2026-06-25 06:19:37.414309,WARNING,[LEGACY-SRV-02] Slow query detected in legacy DB.
2026-06-25 06:46:27.414309,INFO,[LEGACY-SRV-01] Cache cleared.
2026-06-25 06:48:17.414309,ERROR,[MAINFRAME-A] Transaction rollback triggered.
2026-06-25 07:57:56.414309,CRITICAL,[MAINFRAME-A] System unresponsive. Manual intervention required.
2026-06-25 08:24:50.414309,INFO,[MAINFRAME-A] Routine backup finished.
2026-06-25 08:36:47.414309,INFO,[MAINFRAME-A] User login authenticated.
2026-06-25 08:52:34.414309,INFO,[LEGACY-SRV-01] Cache cleared.
2026-06-25 09:02:31.414309,INFO,[LEGACY-SRV-02] Cache cleared.
2026-06-25 09:04:26.414309,INFO,[LEGACY-SRV-01] Routine backup finished.
2026-06-25 09:12:26.414309,ERROR,[MAINFRAME-A] Transaction rollback triggered.
2026-06-25 09:28:04.414309,INFO,[LEGACY-SRV-01] Routine backup finished.
2026-06-25 09:54:06.414309,ERROR,[LEGACY-SRV-01] Transaction rollback triggered.
2026-06-25 10:20:35.414309,INFO,[LEGACY-SRV-02] Routine backup finished.
2026-06-25 10:22:43.414309,CRITICAL,[LEGACY-SRV-01] Security breach attempt blocked.
2026-06-25 12:03:51.414309,ERROR,[LEGACY-SRV-01] Transaction rollback triggered.
2026-06-25 12:28:09.414309,INFO,[MAINFRAME-A] User login authenticated.
2026-06-25 13:11:42.414309,INFO,[MAINFRAME-A] Cache cleared.
2026-06-25 13:15:14.414309,ERROR,[LEGACY-SRV-02] Failed to connect to mainframe.
2026-06-25 13:16:16.414309,WARNING,[LEGACY-SRV-02] High memory threshold approaching.
2026-06-25 13:20:29.414309,WARNING,[DB-CLUSTER-03] Connection pool nearing limit.
2026-06-25 13:30:32.414309,INFO,[DB-CLUSTER-03] User login authenticated.
2026-06-25 13:30:39.414309,INFO,[MAINFRAME-A] Cache cleared.
2026-06-25 14:07:40.414309,WARNING,[LEGACY-SRV-01] Connection pool nearing limit.
2026-06-25 14:22:58.414309,ERROR,[DB-CLUSTER-03] Transaction rollback triggered.
2026-06-25 14:55:10.414309,INFO,[MAINFRAME-A] User login authenticated.
2026-06-25 15:43:36.414309,INFO,[MAINFRAME-A] Cache cleared.
2026-06-25 15:47:09.414309,INFO,[MAINFRAME-A] User login authenticated.
2026-06-25 16:38:05.414309,ERROR,[DB-CLUSTER-03] Transaction rollback triggered.
2026-06-25 16:53:24.414309,ERROR,[LEGACY-SRV-02] File lock contention detected.
2026-06-25 17:08:18.414309,ERROR,[MAINFRAME-A] Transaction rollback triggered.
2026-06-25 17:16:07.414309,INFO,[LEGACY-SRV-01] Cache cleared.
2026-06-25 17:28:46.414309,INFO,[LEGACY-SRV-02] Batch job completed successfully.
2026-06-25 17:31:23.414309,INFO,[LEGACY-SRV-01] Batch job completed successfully.
2026-06-25 17:37:52.414309,WARNING,[MAINFRAME-A] Slow query detected in legacy DB.
2026-06-25 17:58:23.414309,WARNING,[LEGACY-SRV-01] Slow query detected in legacy DB.
2026-06-25 19:08:41.414309,WARNING,[LEGACY-SRV-01] Disk space below 20%.
2026-06-25 19:14:40.414309,INFO,[MAINFRAME-A] Batch job completed successfully.
2026-06-25 19:15:29.414309,INFO,[LEGACY-SRV-01] Routine backup finished.
2026-06-25 19:20:44.414309,INFO,[DB-CLUSTER-03] Cache cleared.
2026-06-25 19:50:55.414309,INFO,[DB-CLUSTER-03] Batch job completed successfully.
2026-06-25 19:54:11.414309,INFO,[DB-CLUSTER-03] User login authenticated.
2026-06-25 19:57:11.414309,ERROR,[LEGACY-SRV-01] Transaction rollback triggered.
2026-06-25 20:03:41.414309,INFO,[MAINFRAME-A] User login authenticated.
2026-06-25 20:13:04.414309,INFO,[MAINFRAME-A] Cache cleared.
2026-06-25 21:46:52.414309,INFO,[DB-CLUSTER-03] User login authenticated.
2026-06-25 21:51:34.414309,INFO,[LEGACY-SRV-01] Routine backup finished.
2026-06-25 22:14:29.414309,INFO,[LEGACY-SRV-01] Routine backup finished.
2026-06-25 22:52:51.414309,ERROR,[DB-CLUSTER-03] Failed to connect to mainframe.
2026-06-25 23:28:56.414309,INFO,[LEGACY-SRV-01] Routine backup finished.
2026-06-26 00:51:13.414309,ERROR,[LEGACY-SRV-02] API timeout after 30s.
2026-06-26 01:20:48.414309,WARNING,[MAINFRAME-A] High memory threshold approaching.
2026-06-26 02:32:39.414309,ERROR,[LEGACY-SRV-02] File lock contention detected.
2026-06-26 03:10:38.414309,INFO,[MAINFRAME-A] User login authenticated.
2026-06-26 03:11:17.414309,INFO,[DB-CLUSTER-03] Cache cleared.
2026-06-26 03:11:37.414309,INFO,[MAINFRAME-A] User login authenticated.
2026-06-26 03:43:52.414309,INFO,[LEGACY-SRV-02] Batch job completed successfully.
2026-06-26 03:44:30.414309,INFO,[LEGACY-SRV-02] User login authenticated.
2026-06-26 05:12:50.414309,INFO,[LEGACY-SRV-01] Cache cleared.
2026-06-26 05:13:23.414309,INFO,[LEGACY-SRV-02] User login authenticated.
2026-06-26 05:15:45.414309,INFO,[MAINFRAME-A] User login authenticated.
2026-06-26 06:02:37.414309,ERROR,[MAINFRAME-A] API timeout after 30s.
2026-06-26 06:34:33.414309,WARNING,[MAINFRAME-A] High memory threshold approaching.
2026-06-26 06:47:23.414309,ERROR,[MAINFRAME-A] API timeout after 30s.
2026-06-26 06:52:15.414309,INFO,[LEGACY-SRV-01] Batch job completed successfully.
2026-06-26 06:59:39.414309,WARNING,[DB-CLUSTER-03] High memory threshold approaching.
2026-06-26 07:48:06.414309,WARNING,[LEGACY-SRV-02] Disk space below 20%.
2026-06-26 07:52:35.414309,INFO,[LEGACY-SRV-01] User login authenticated.
2026-06-26 08:21:21.414309,INFO,[LEGACY-SRV-01] User login authenticated.
2026-06-26 08:27:57.414309,INFO,[LEGACY-SRV-01] Batch job completed successfully.
2026-06-26 08:40:03.414309,INFO,[DB-CLUSTER-03] User login authenticated.
2026-06-26 08:43:59.414309,ERROR,[DB-CLUSTER-03] File lock contention detected.
2026-06-26 08:59:41.414309,WARNING,[MAINFRAME-A] Connection pool nearing limit.
2026-06-26 09:13:59.414309,INFO,[LEGACY-SRV-02] Cache cleared.
2026-06-26 09:40:43.414309,INFO,[LEGACY-SRV-01] Routine backup finished.
2026-06-26 09:55:02.414309,WARNING,[LEGACY-SRV-01] High memory threshold approaching.
2026-06-26 09:56:07.414309,ERROR,[LEGACY-SRV-01] Transaction rollback triggered.
2026-06-26 10:04:47.414309,INFO,[LEGACY-SRV-01] Batch job completed successfully.
2026-06-26 10:20:38.414309,INFO,[DB-CLUSTER-03] User login authenticated.
2026-06-26 10:21:59.414309,INFO,[LEGACY-SRV-02] User login authenticated.
2026-06-26 10:30:00.414309,INFO,[LEGACY-SRV-02] Cache cleared.
2026-06-26 10:43:10.414309,INFO,[DB-CLUSTER-03] User login authenticated.
2026-06-26 10:49:59.414309,INFO,[DB-CLUSTER-03] Batch job completed successfully.
2026-06-26 10:55:53.414309,INFO,[DB-CLUSTER-03] Cache cleared.
2026-06-26 10:56:21.414309,INFO,[LEGACY-SRV-02] Cache cleared.
2026-06-26 11:11:54.414309,INFO,[MAINFRAME-A] Batch job completed successfully.
2026-06-26 11:31:37.414309,INFO,[LEGACY-SRV-02] Cache cleared.
